Accuracy,Balanced Accuracy,MCC,F1_macro,F1_weighted,seed,split,method,coverage,kept_rows,n_features,train_time
1.0,1.0,0.0,1.0,1.0,0,interpolation,integrated_logging_features_margin,0.01,80,75,4.199103116989136
1.0,1.0,0.0,1.0,1.0,0,interpolation,integrated_logging_features_margin,0.02,160,75,4.199103116989136
1.0,1.0,0.0,1.0,1.0,0,interpolation,integrated_logging_features_margin,0.03,240,75,4.199103116989136
1.0,1.0,0.0,1.0,1.0,0,interpolation,integrated_logging_features_margin,0.05,400,75,4.199103116989136
1.0,1.0,1.0,1.0,1.0,0,interpolation,integrated_logging_features_margin,0.08,640,75,4.199103116989136
1.0,1.0,1.0,1.0,1.0,0,interpolation,integrated_logging_features_margin,0.1,800,75,4.199103116989136
0.991875,0.4985754985754986,0.9519651916599154,0.4959685387547403,0.9881534739464884,0,interpolation,integrated_logging_features_margin,0.2,1600,75,4.199103116989136
0.9725,0.4303301165427411,0.9027015211323322,0.4386061894536068,0.961716948050071,0,interpolation,integrated_logging_features_margin,0.3,2400,75,4.199103116989136
0.923125,0.5436851380713521,0.7924416864618298,0.5872901116890998,0.8940890828454551,0,interpolation,integrated_logging_features_margin,0.4,3200,75,4.199103116989136
0.8685,0.5371357051264811,0.6951611231419266,0.5997592357510598,0.8268982448802779,0,interpolation,integrated_logging_features_margin,0.5,4000,75,4.199103116989136
0.69425,0.4106587301275791,0.4508063651658558,0.4341645216990795,0.6667811110518088,0,interpolation,integrated_logging_features_full,1.0,8000,75,4.199103116989136
0.9742647058823528,0.6666666666666666,0.3529991523812659,0.6623052959501557,0.9615654205607476,0,extrapolation,integrated_logging_features_margin,0.01,272,75,4.199103116989136
0.9797794117647058,0.6666666666666666,0.7184085182385859,0.663184552073441,0.9697747332551254,0,extrapolation,integrated_logging_features_margin,0.02,544,75,4.199103116989136
0.9779411764705882,0.5,0.7118821096277921,0.4971446700507614,0.9670377351448194,0,extrapolation,integrated_logging_features_margin,0.03,816,75,4.199103116989136
0.9808823529411764,0.4,0.7996396216323137,0.3960128459086416,0.9714157983753704,0,extrapolation,integrated_logging_features_margin,0.05,1360,75,4.199103116989136
0.9756433823529412,0.3610295716460099,0.7686986945857994,0.3657707195651485,0.9643696006095516,0,extrapolation,integrated_logging_features_margin,0.08,2176,75,4.199103116989136
0.9694852941176472,0.3142291819775001,0.7507302280154435,0.3150221277765515,0.955632777603502,0,extrapolation,integrated_logging_features_margin,0.1,2720,75,4.199103116989136
0.939154411764706,0.2792423152537217,0.7066630955593605,0.2698784915017476,0.914483608651402,0,extrapolation,integrated_logging_features_margin,0.2,5440,75,4.199103116989136
0.9377450980392156,0.2536122755599429,0.7635237104425212,0.2551182695538401,0.9121272201563468,0,extrapolation,integrated_logging_features_margin,0.3,8160,75,4.199103116989136
0.9203125,0.2051615361144723,0.7485801830969762,0.2066134205484497,0.8895871217158264,0,extrapolation,integrated_logging_features_margin,0.4,10880,75,4.199103116989136
0.8913970588235294,0.2401195768728749,0.7052314153466938,0.2492976513789975,0.8531744107493252,0,extrapolation,integrated_logging_features_margin,0.5,13600,75,4.199103116989136
0.678235294117647,0.2151934039403828,0.4550666263223414,0.1982081203454268,0.6221751890924445,0,extrapolation,integrated_logging_features_full,1.0,27200,75,4.199103116989136
1.0,1.0,1.0,1.0,1.0,1,interpolation,integrated_logging_features_margin,0.01,80,75,4.449583530426025
1.0,1.0,1.0,1.0,1.0,1,interpolation,integrated_logging_features_margin,0.02,160,75,4.449583530426025
1.0,1.0,1.0,1.0,1.0,1,interpolation,integrated_logging_features_margin,0.03,240,75,4.449583530426025
1.0,1.0,1.0,1.0,1.0,1,interpolation,integrated_logging_features_margin,0.05,400,75,4.449583530426025
0.996875,0.7473958333333334,0.9880753385111594,0.7482298448638937,0.9960925425271924,1,interpolation,integrated_logging_features_margin,0.08,640,75,4.449583530426025
0.99625,0.7480916030534351,0.986665590725168,0.7484795049337047,0.995001825168936,1,interpolation,integrated_logging_features_margin,0.1,800,75,4.449583530426025
0.974375,0.5224470937017062,0.9159173652015556,0.5710720831096108,0.9692839558039198,1,interpolation,integrated_logging_features_margin,0.2,1600,75,4.449583530426025
0.9520833333333332,0.4416613143850011,0.8415793945071237,0.4746917260114975,0.9489165843284404,1,interpolation,integrated_logging_features_margin,0.3,2400,75,4.449583530426025
0.931875,0.400618727074581,0.786746903827819,0.4205216653086768,0.9259698683373268,1,interpolation,integrated_logging_features_margin,0.4,3200,75,4.449583530426025
0.8965,0.4181729607840102,0.7102458192579215,0.4257687963911943,0.8839783448341693,1,interpolation,integrated_logging_features_margin,0.5,4000,75,4.449583530426025
0.710375,0.3992202722481981,0.4674697644064922,0.4126422662031658,0.7132691600565767,1,interpolation,integrated_logging_features_full,1.0,8000,75,4.449583530426025
0.9963235294117648,0.6666666666666666,0.9618964813845684,0.6660219213410703,0.9944888496984868,1,extrapolation,integrated_logging_features_margin,0.01,272,75,4.449583530426025
0.9926470588235294,0.5,0.8915881777624797,0.4990494296577946,0.9889845672109148,1,extrapolation,integrated_logging_features_margin,0.02,544,75,4.449583530426025
0.9889705882352942,0.4,0.8441757801938274,0.3947294524246679,0.9834938025323532,1,extrapolation,integrated_logging_features_margin,0.03,816,75,4.449583530426025
0.9889705882352942,0.3333333333333333,0.840304147074359,0.3260787918322165,0.9835189991314084,1,extrapolation,integrated_logging_features_margin,0.05,1360,75,4.449583530426025
0.9797794117647058,0.3571428571428571,0.8075127212603944,0.3731383892771222,0.9702853330837148,1,extrapolation,integrated_logging_features_margin,0.08,2176,75,4.449583530426025
0.9650735294117648,0.3076923076923077,0.7503862243026402,0.3108166776451078,0.9494537939338222,1,extrapolation,integrated_logging_features_margin,0.1,2720,75,4.449583530426025
0.9386029411764706,0.3427523649862292,0.7072518606269974,0.3358163227448448,0.9135981770332068,1,extrapolation,integrated_logging_features_margin,0.2,5440,75,4.449583530426025
0.9393382352941176,0.3199074125290595,0.7432952102128778,0.3184059505205446,0.9140343430224216,1,extrapolation,integrated_logging_features_margin,0.3,8160,75,4.449583530426025
0.9287683823529412,0.302561222748603,0.7457106545738251,0.3024216499257455,0.9003792652551635,1,extrapolation,integrated_logging_features_margin,0.4,10880,75,4.449583530426025
0.8966176470588235,0.2758661707054919,0.6985610864330113,0.2710476894145023,0.8582185358892899,1,extrapolation,integrated_logging_features_margin,0.5,13600,75,4.449583530426025
0.67875,0.2362477450885606,0.4573145413391761,0.2047123297371585,0.6220979755244835,1,extrapolation,integrated_logging_features_full,1.0,27200,75,4.449583530426025
0.975,0.6,0.7025884807256718,0.5974025974025974,0.9626623376623376,2,interpolation,integrated_logging_features_margin,0.01,80,75,4.499236345291138
0.98125,0.6,0.7037351269931459,0.5980707395498392,0.9719654340836013,2,interpolation,integrated_logging_features_margin,0.02,160,75,4.499236345291138
0.9833333333333332,0.6,0.7041137231752231,0.5982905982905983,0.9750712250712252,2,interpolation,integrated_logging_features_margin,0.03,240,75,4.499236345291138
0.955,0.5,0.5252971215001843,0.49609375,0.93302734375,2,interpolation,integrated_logging_features_margin,0.05,400,75,4.499236345291138
0.953125,0.5,0.5457466273358295,0.4959150326797386,0.9302619485294118,2,interpolation,integrated_logging_features_margin,0.08,640,75,4.499236345291138
0.9525,0.4285714285714285,0.6235270005671735,0.4249811035525321,0.9293468915343917,2,interpolation,integrated_logging_features_margin,0.1,800,75,4.499236345291138
0.958125,0.4805900621118012,0.7613117099690371,0.5102439400649248,0.9384762523156552,2,interpolation,integrated_logging_features_margin,0.2,1600,75,4.499236345291138
0.9491666666666668,0.4602272727272727,0.7722627124537493,0.4859461568598675,0.9258707003335483,2,interpolation,integrated_logging_features_margin,0.3,2400,75,4.499236345291138
0.93625,0.4650452617352673,0.7639064771166606,0.4744317342625371,0.9087386108484706,2,interpolation,integrated_logging_features_margin,0.4,3200,75,4.499236345291138
0.91075,0.4835370198812857,0.7256495843548052,0.5042688105501023,0.8786144997192542,2,interpolation,integrated_logging_features_margin,0.5,4000,75,4.499236345291138
0.733125,0.3974164542021101,0.4811576857602176,0.4202070670386468,0.7167645203925312,2,interpolation,integrated_logging_features_full,1.0,8000,75,4.499236345291138
0.9742647058823528,0.8,0.8012976673451424,0.7972602739726027,0.9615733279613214,2,extrapolation,integrated_logging_features_margin,0.01,272,75,4.499236345291138
0.9779411764705882,0.8,0.8635797434464261,0.7976047904191617,0.9670438534695316,2,extrapolation,integrated_logging_features_margin,0.02,544,75,4.499236345291138
0.9816176470588236,0.788888888888889,0.8613721301771696,0.7923210777434746,0.9731119952892748,2,extrapolation,integrated_logging_features_margin,0.03,816,75,4.499236345291138
0.9838235294117648,0.6513827713192288,0.879478318286696,0.6558105253580054,0.976870211881066,2,extrapolation,integrated_logging_features_margin,0.05,1360,75,4.499236345291138
0.9820772058823528,0.5509478918470941,0.894298008818722,0.5479956851984897,0.974516253551637,2,extrapolation,integrated_logging_features_margin,0.08,2176,75,4.499236345291138
0.9768382352941176,0.5518888733470341,0.8831923573864968,0.5483780371464715,0.9666474287944647,2,extrapolation,integrated_logging_features_margin,0.1,2720,75,4.499236345291138
0.9523897058823528,0.3896976250213468,0.8411089121159487,0.3669820342002812,0.9316111784746316,2,extrapolation,integrated_logging_features_margin,0.2,5440,75,4.499236345291138
0.9314950980392156,0.3483998338725654,0.8024036265694487,0.3212980584377058,0.9032448624988196,2,extrapolation,integrated_logging_features_margin,0.3,8160,75,4.499236345291138
0.9071691176470588,0.323776565597658,0.7575105666215504,0.2955507273120626,0.8741020129410871,2,extrapolation,integrated_logging_features_margin,0.4,10880,75,4.499236345291138
0.8807352941176471,0.3011856670698469,0.7134768913656884,0.2807505205450134,0.8416242597755279,2,extrapolation,integrated_logging_features_margin,0.5,13600,75,4.499236345291138
0.7023161764705882,0.2525200293041458,0.4978117588464298,0.2302272131351929,0.6575269045779768,2,extrapolation,integrated_logging_features_full,1.0,27200,75,4.499236345291138
1.0,1.0,1.0,1.0,1.0,3,interpolation,integrated_logging_features_margin,0.01,80,75,4.521958112716675
0.99375,0.6666666666666666,0.814772649591356,0.6656084656084656,0.9906349206349206,3,interpolation,integrated_logging_features_margin,0.02,160,75,4.521958112716675
0.9958333333333332,0.75,0.864962010093129,0.7494714587737843,0.9937544045102183,3,interpolation,integrated_logging_features_margin,0.03,240,75,4.521958112716675
0.9825,0.7833333333333333,0.8614074707772481,0.7894401667342095,0.9750272100966828,3,interpolation,integrated_logging_features_margin,0.05,400,75,4.521958112716675
0.9625,0.6578947368421052,0.8133376660439169,0.6587019545497054,0.9448994084915364,3,interpolation,integrated_logging_features_margin,0.08,640,75,4.521958112716675
0.96,0.653273699057234,0.7957104771262496,0.6390540762471799,0.9423032296762428,3,interpolation,integrated_logging_features_margin,0.1,800,75,4.521958112716675
0.9525,0.4958218244377507,0.81802026322943,0.5111133654173889,0.9324596714292166,3,interpolation,integrated_logging_features_margin,0.2,1600,75,4.521958112716675
0.9379166666666666,0.419626967541815,0.8040603676874579,0.432020982597394,0.9127102087624556,3,interpolation,integrated_logging_features_margin,0.3,2400,75,4.521958112716675
0.9284375,0.4126375690486114,0.8014103023631886,0.4183519831780596,0.8999280920156041,3,interpolation,integrated_logging_features_margin,0.4,3200,75,4.521958112716675
0.9025,0.3874230742278502,0.7592433523595404,0.4015328245815951,0.86779782438407,3,interpolation,integrated_logging_features_margin,0.5,4000,75,4.521958112716675
0.709,0.3619955351820334,0.4613381225335341,0.3788902399776428,0.6914144397764677,3,interpolation,integrated_logging_features_full,1.0,8000,75,4.521958112716675
0.9926470588235294,0.8,0.9287104284884944,0.7992248062015503,0.988984838121295,3,extrapolation,integrated_logging_features_margin,0.01,272,75,4.521958112716675
0.9926470588235294,0.7666666666666667,0.9207626213436244,0.7747879768223813,0.989843775602018,3,extrapolation,integrated_logging_features_margin,0.02,544,75,4.521958112716675
0.991421568627451,0.625,0.90078181717163,0.6148100695185897,0.9882937380233608,3,extrapolation,integrated_logging_features_margin,0.03,816,75,4.521958112716675
0.9816176470588236,0.5408163265306122,0.8309397188409607,0.5339458919272584,0.9735236962703396,3,extrapolation,integrated_logging_features_margin,0.05,1360,75,4.521958112716675
0.9756433823529412,0.4798387096774194,0.8061035510654893,0.464521470171133,0.9648488696836428,3,extrapolation,integrated_logging_features_margin,0.08,2176,75,4.521958112716675
0.9680147058823528,0.4767591504542292,0.7768080803049207,0.4536494671305713,0.9544237488569888,3,extrapolation,integrated_logging_features_margin,0.1,2720,75,4.521958112716675
0.9376838235294118,0.4710461332871994,0.7211661353355747,0.4397575031824483,0.9120765377816082,3,extrapolation,integrated_logging_features_margin,0.2,5440,75,4.521958112716675
0.934436274509804,0.4076258204728216,0.7552217929677855,0.3787084303370347,0.9079027934334284,3,extrapolation,integrated_logging_features_margin,0.3,8160,75,4.521958112716675
0.9211397058823528,0.3781570874609106,0.7509318963079108,0.3527419169314542,0.8912840662938122,3,extrapolation,integrated_logging_features_margin,0.4,10880,75,4.521958112716675
0.8958088235294117,0.3194891448668669,0.7135116071120321,0.291179409757618,0.8595956591086592,3,extrapolation,integrated_logging_features_margin,0.5,13600,75,4.521958112716675
0.6777205882352941,0.2264042344897081,0.4590748360137729,0.1952104769816718,0.6204162810662569,3,extrapolation,integrated_logging_features_full,1.0,27200,75,4.521958112716675
1.0,1.0,1.0,1.0,1.0,4,interpolation,integrated_logging_features_margin,0.01,80,75,4.488506317138672
1.0,1.0,1.0,1.0,1.0,4,interpolation,integrated_logging_features_margin,0.02,160,75,4.488506317138672
1.0,1.0,1.0,1.0,1.0,4,interpolation,integrated_logging_features_margin,0.03,240,75,4.488506317138672
0.995,0.5,0.9782486351610672,0.4972131033037648,0.9925139344834812,4,interpolation,integrated_logging_features_margin,0.05,400,75,4.488506317138672
0.990625,0.5,0.9644905091775672,0.4964459118275393,0.9859654787337346,4,interpolation,integrated_logging_features_margin,0.08,640,75,4.488506317138672
0.9825,0.5,0.9354492275269084,0.4956291702745378,0.9738272455814192,4,interpolation,integrated_logging_features_margin,0.1,800,75,4.488506317138672
0.935,0.4648403616018875,0.7764386637467163,0.4963676305260464,0.9257234548493832,4,interpolation,integrated_logging_features_margin,0.2,1600,75,4.488506317138672
0.8954166666666666,0.3958184821738732,0.6756349844545854,0.4244277835286971,0.8852487985882889,4,interpolation,integrated_logging_features_margin,0.3,2400,75,4.488506317138672
0.8653125,0.4838635307144306,0.6196386867769889,0.5043212073475275,0.8568954694705766,4,interpolation,integrated_logging_features_margin,0.4,3200,75,4.488506317138672
0.83775,0.5062961464183641,0.5906541272767095,0.5558167393924112,0.8293751314443181,4,interpolation,integrated_logging_features_margin,0.5,4000,75,4.488506317138672
0.6885,0.3649907439543013,0.4199779416648158,0.397817585505972,0.6936943334848837,4,interpolation,integrated_logging_features_full,1.0,8000,75,4.488506317138672
0.9926470588235294,0.6666666666666666,0.8428913364977926,0.6654135338345865,0.988984409553295,4,extrapolation,integrated_logging_features_margin,0.01,272,75,4.488506317138672
0.9908088235294118,0.6666666666666666,0.8373780600547726,0.6650928548945546,0.9862349330667112,4,extrapolation,integrated_logging_features_margin,0.02,544,75,4.488506317138672
0.9901960784313726,0.75,0.8713328192669747,0.7487277353689568,0.9853190640123732,4,extrapolation,integrated_logging_features_margin,0.03,816,75,4.488506317138672
0.9845588235294118,0.75,0.8374202367410274,0.7479784366576819,0.976900665926748,4,extrapolation,integrated_logging_features_margin,0.05,1360,75,4.488506317138672
0.9770220588235294,0.4155844155844156,0.8485161611622157,0.4157258518906869,0.9661066180115944,4,extrapolation,integrated_logging_features_margin,0.08,2176,75,4.488506317138672
0.9720588235294118,0.3620177569961434,0.8436227441459394,0.3582792765084561,0.959008544238698,4,extrapolation,integrated_logging_features_margin,0.1,2720,75,4.488506317138672
0.9591911764705884,0.3567595156195667,0.8617614129645093,0.3461135017050288,0.9412022113869634,4,extrapolation,integrated_logging_features_margin,0.2,5440,75,4.488506317138672
0.945343137254902,0.3089708751736689,0.834232816104504,0.3096533294594795,0.92196509544001,4,extrapolation,integrated_logging_features_margin,0.3,8160,75,4.488506317138672
0.91875,0.3103380388699347,0.7792240311580518,0.2965691967222629,0.8869518430523878,4,extrapolation,integrated_logging_features_margin,0.4,10880,75,4.488506317138672
0.8940441176470588,0.3012864570006335,0.7334195551730109,0.2927386358026074,0.8574060496707023,4,extrapolation,integrated_logging_features_margin,0.5,13600,75,4.488506317138672
0.709375,0.2536130597836327,0.5144526780523998,0.239102024869751,0.6665647245615466,4,extrapolation,integrated_logging_features_full,1.0,27200,75,4.488506317138672
1.0,1.0,1.0,1.0,1.0,5,interpolation,integrated_logging_features_margin,0.01,80,75,4.467592716217041
0.99375,0.998015873015873,0.9828001522479088,0.9936848351275748,0.9938040391624988,5,interpolation,integrated_logging_features_margin,0.02,160,75,4.467592716217041
0.9958333333333332,0.9987244897959184,0.9870283324495848,0.994974648898461,0.995864554822692,5,interpolation,integrated_logging_features_margin,0.03,240,75,4.467592716217041
0.99,0.7994029850746268,0.9648953538233672,0.7960697977821265,0.9862820042400524,5,interpolation,integrated_logging_features_margin,0.05,400,75,4.467592716217041
0.9890625,0.7996428571428572,0.9513549250022486,0.7963459170013387,0.984408718206158,5,interpolation,integrated_logging_features_margin,0.08,640,75,4.467592716217041
0.99,0.7997159090909091,0.9538707864465058,0.7966706560765967,0.9856530845392232,5,interpolation,integrated_logging_features_margin,0.1,800,75,4.467592716217041
0.978125,0.7891634352061488,0.9043924784558618,0.7803443128651599,0.9694447424018324,5,interpolation,integrated_logging_features_margin,0.2,1600,75,4.467592716217041
0.955,0.7310854620296316,0.8275958297000955,0.6928944206071951,0.9419191021334457,5,interpolation,integrated_logging_features_margin,0.3,2400,75,4.467592716217041
0.93375,0.7398689845488359,0.7870819101960788,0.6101589033904246,0.9226230765446202,5,interpolation,integrated_logging_features_margin,0.4,3200,75,4.467592716217041
0.901,0.6280324886252907,0.734708659740974,0.6221364553679856,0.8949435020869542,5,interpolation,integrated_logging_features_margin,0.5,4000,75,4.467592716217041
0.734625,0.4553617969276403,0.5240896970816842,0.4475228918073249,0.7402090148502095,5,interpolation,integrated_logging_features_full,1.0,8000,75,4.467592716217041
1.0,1.0,1.0,1.0,1.0,5,extrapolation,integrated_logging_features_margin,0.01,272,75,4.467592716217041
0.9944852941176472,0.4,0.923430758420803,0.3994280266920877,0.9917358268378847,5,extrapolation,integrated_logging_features_margin,0.02,544,75,4.467592716217041
0.9950980392156864,0.4,0.9288080736824764,0.399492385786802,0.992653279585946,5,extrapolation,integrated_logging_features_margin,0.03,816,75,4.467592716217041
0.9889705882352942,0.4,0.8544321657830414,0.3988553987027852,0.9834874430504746,5,extrapolation,integrated_logging_features_margin,0.05,1360,75,4.467592716217041
0.9866727941176472,0.4,0.8532878060144324,0.3951130351130351,0.9800590817134934,5,extrapolation,integrated_logging_features_margin,0.08,2176,75,4.467592716217041
0.9856617647058824,0.4,0.8519125541089013,0.3958708490401442,0.978546175069532,5,extrapolation,integrated_logging_features_margin,0.1,2720,75,4.467592716217041
0.9707720588235296,0.3743345734464558,0.830757782144234,0.3741463852849465,0.9579542636292866,5,extrapolation,integrated_logging_features_margin,0.2,5440,75,4.467592716217041
0.9466911764705882,0.3373629339135324,0.7897959665083829,0.3393464386016166,0.9248267405901384,5,extrapolation,integrated_logging_features_margin,0.3,8160,75,4.467592716217041
0.923529411764706,0.3065935115485978,0.7593044366531903,0.3035007397765197,0.8948916329668226,5,extrapolation,integrated_logging_features_margin,0.4,10880,75,4.467592716217041
0.8891176470588236,0.298492778574831,0.7041855482088641,0.2933477090534798,0.8516795562044417,5,extrapolation,integrated_logging_features_margin,0.5,13600,75,4.467592716217041
0.6996323529411764,0.2473633280902901,0.4940116484745719,0.2322994655217509,0.653548418219293,5,extrapolation,integrated_logging_features_full,1.0,27200,75,4.467592716217041
1.0,1.0,1.0,1.0,1.0,6,interpolation,integrated_logging_features_margin,0.01,80,75,4.348410367965698
1.0,1.0,1.0,1.0,1.0,6,interpolation,integrated_logging_features_margin,0.02,160,75,4.348410367965698
1.0,1.0,1.0,1.0,1.0,6,interpolation,integrated_logging_features_margin,0.03,240,75,4.348410367965698
1.0,1.0,1.0,1.0,1.0,6,interpolation,integrated_logging_features_margin,0.05,400,75,4.348410367965698
0.9921875,0.6,0.9556937990770972,0.599137187230371,0.9882981018119068,6,interpolation,integrated_logging_features_margin,0.08,640,75,4.348410367965698
0.985,0.4285714285714285,0.9240361885319072,0.4265516364116486,0.9775568799170442,6,interpolation,integrated_logging_features_margin,0.1,800,75,4.348410367965698
0.956875,0.4282576866764275,0.8237636493142143,0.4195055089309707,0.9367778923045876,6,interpolation,integrated_logging_features_margin,0.2,1600,75,4.348410367965698
0.9433333333333334,0.3740817847740136,0.7998176523044088,0.3680506212687213,0.9185233467579356,6,interpolation,integrated_logging_features_margin,0.3,2400,75,4.348410367965698
0.90625,0.4012723811912264,0.7213528696014245,0.3625881125988167,0.8766620399467753,6,interpolation,integrated_logging_features_margin,0.4,3200,75,4.348410367965698
0.87325,0.4429779440664885,0.674594027980751,0.4017856734608952,0.844300043795024,6,interpolation,integrated_logging_features_margin,0.5,4000,75,4.348410367965698
0.694375,0.4021900662147925,0.450294003939832,0.3950219787433386,0.6986171355982411,6,interpolation,integrated_logging_features_full,1.0,8000,75,4.348410367965698
0.9926470588235294,0.75,0.9430937219448124,0.7490157480314961,0.9889850625289486,6,extrapolation,integrated_logging_features_margin,0.01,272,75,4.348410367965698
0.9871323529411764,0.75,0.8870899990410572,0.7482960077896786,0.9807423821524716,6,extrapolation,integrated_logging_features_margin,0.02,544,75,4.348410367965698
0.9877450980392156,0.7272727272727273,0.8927256802250164,0.7364718614718615,0.9822410024615909,6,extrapolation,integrated_logging_features_margin,0.03,816,75,4.348410367965698
0.9882352941176472,0.5866666666666667,0.8970761849991906,0.5918563711129626,0.9827445894905924,6,extrapolation,integrated_logging_features_margin,0.05,1360,75,4.348410367965698
0.9866727941176472,0.5789473684210527,0.8858775903922456,0.5864648341721512,0.9804883730253618,6,extrapolation,integrated_logging_features_margin,0.08,2176,75,4.348410367965698
0.9856617647058824,0.4099378881987577,0.8715863876758818,0.4098138382020872,0.9790725373417972,6,extrapolation,integrated_logging_features_margin,0.1,2720,75,4.348410367965698
0.9713235294117648,0.4291605041725904,0.8340625347349248,0.4250692053813405,0.9589424556566026,6,extrapolation,integrated_logging_features_margin,0.2,5440,75,4.348410367965698
0.9525735294117648,0.4231966826680979,0.8118778247735501,0.4023667175032993,0.9327657073792244,6,extrapolation,integrated_logging_features_margin,0.3,8160,75,4.348410367965698
0.921875,0.3343341646529829,0.7595172619671618,0.3101594395421658,0.8919538161020316,6,extrapolation,integrated_logging_features_margin,0.4,10880,75,4.348410367965698
0.8952941176470588,0.3206918986723161,0.7204521154013432,0.3014957851757802,0.8582252331896076,6,extrapolation,integrated_logging_features_margin,0.5,13600,75,4.348410367965698
0.7048161764705883,0.2568979235542614,0.5055380146378904,0.233110106614622,0.6573798681694685,6,extrapolation,integrated_logging_features_full,1.0,27200,75,4.348410367965698
1.0,1.0,0.0,1.0,1.0,7,interpolation,integrated_logging_features_margin,0.01,80,75,4.26113486289978
0.9875,0.5,0.5755318386280929,0.4984177215189873,0.9812895569620252,7,interpolation,integrated_logging_features_margin,0.02,160,75,4.26113486289978
0.9875,0.6875,0.8492324187967847,0.712658816237992,0.9830763867369072,7,interpolation,integrated_logging_features_margin,0.03,240,75,4.26113486289978
0.9775,0.788888888888889,0.8706903954217474,0.7918233339847567,0.9676027946062143,7,interpolation,integrated_logging_features_margin,0.05,400,75,4.26113486289978
0.965625,0.6590909090909091,0.8714497547652965,0.6577463761319703,0.950285418685716,7,interpolation,integrated_logging_features_margin,0.08,640,75,4.26113486289978
0.96375,0.6597222222222222,0.8658507510833867,0.6580169582155679,0.9472108509663127,7,interpolation,integrated_logging_features_margin,0.1,800,75,4.26113486289978
0.9575,0.5614245698279312,0.8593300018298512,0.5607798383029712,0.9382673558636714,7,interpolation,integrated_logging_features_margin,0.2,1600,75,4.26113486289978
0.9395833333333332,0.534545432016158,0.8255365286753268,0.5449878624582296,0.9162251854661536,7,interpolation,integrated_logging_features_margin,0.3,2400,75,4.26113486289978
0.9103125,0.5967413488694274,0.7815617773265379,0.5908657422399796,0.8772347900684703,7,interpolation,integrated_logging_features_margin,0.4,3200,75,4.26113486289978
0.85725,0.5836587724236709,0.6920356299854208,0.576708483813407,0.8145744234702357,7,interpolation,integrated_logging_features_margin,0.5,4000,75,4.26113486289978
0.671875,0.4351663778390172,0.4633551996424994,0.4420003993675448,0.6555546089400225,7,interpolation,integrated_logging_features_full,1.0,8000,75,4.26113486289978
0.9852941176470588,0.6666666666666666,0.7938852332024111,0.6641318124207859,0.9779970923730708,7,extrapolation,integrated_logging_features_margin,0.01,272,75,4.26113486289978
0.9852941176470588,0.6,0.8405635333302534,0.5984615384615385,0.977997737556561,7,extrapolation,integrated_logging_features_margin,0.02,544,75,4.26113486289978
0.9816176470588236,0.6,0.8342386783233909,0.5980582524271845,0.9725157053112508,7,extrapolation,integrated_logging_features_margin,0.03,816,75,4.26113486289978
0.9705882352941176,0.5,0.7767040836086546,0.4945401493930905,0.9561036723512936,7,extrapolation,integrated_logging_features_margin,0.05,1360,75,4.26113486289978
0.9696691176470588,0.5714285714285714,0.7948687639024283,0.5641250708583808,0.954739692041744,7,extrapolation,integrated_logging_features_margin,0.08,2176,75,4.26113486289978
0.9709558823529412,0.5661375661375662,0.8073202685408507,0.5608744082428293,0.9568316010614772,7,extrapolation,integrated_logging_features_margin,0.1,2720,75,4.26113486289978
0.9566176470588236,0.4307365585118917,0.7623870554594562,0.4234503497642072,0.9369648934101495,7,extrapolation,integrated_logging_features_margin,0.2,5440,75,4.26113486289978
0.9375,0.3876761928800427,0.7444982450864801,0.3599678423460361,0.9107544138627598,7,extrapolation,integrated_logging_features_margin,0.3,8160,75,4.26113486289978
0.9251838235294118,0.3412856549545351,0.7518622319415512,0.3145538741708125,0.8960115630507636,7,extrapolation,integrated_logging_features_margin,0.4,10880,75,4.26113486289978
0.8978676470588235,0.3267864572885404,0.7195040106150773,0.2903463733384814,0.8634329087213841,7,extrapolation,integrated_logging_features_margin,0.5,13600,75,4.26113486289978
0.7099264705882353,0.2547292230692529,0.5096275053804125,0.2247272524969735,0.6623040214333822,7,extrapolation,integrated_logging_features_full,1.0,27200,75,4.26113486289978
1.0,1.0,0.0,1.0,1.0,8,interpolation,integrated_logging_features_margin,0.01,80,75,4.775450944900513
0.99375,0.5,0.0,0.4984326018808777,0.9906347962382444,8,interpolation,integrated_logging_features_margin,0.02,160,75,4.775450944900513
0.9958333333333332,0.5,0.0,0.4989561586638831,0.9937543493389004,8,interpolation,integrated_logging_features_margin,0.03,240,75,4.775450944900513
0.9925,0.6666666666666666,0.7057696729346317,0.6654024441635061,0.9887642225031604,8,interpolation,integrated_logging_features_margin,0.05,400,75,4.775450944900513
0.990625,0.4,0.8495386920486314,0.3990338164251207,0.985960144927536,8,interpolation,integrated_logging_features_margin,0.08,640,75,4.775450944900513
0.9925,0.4,0.9015007754023764,0.3992207792207792,0.9887646103896104,8,interpolation,integrated_logging_features_margin,0.1,800,75,4.775450944900513
0.96875,0.3317425859075357,0.8192453822465442,0.3270144280591464,0.9539965855801076,8,interpolation,integrated_logging_features_margin,0.2,1600,75,4.775450944900513
0.9520833333333332,0.3305702851922465,0.7718443243255844,0.3243965702561748,0.9297504994255138,8,interpolation,integrated_logging_features_margin,0.3,2400,75,4.775450944900513
0.938125,0.4250675964830376,0.7284790004842163,0.4193488963443089,0.9095829337708352,8,interpolation,integrated_logging_features_margin,0.4,3200,75,4.775450944900513
0.91975,0.3609738474642365,0.6786181505200289,0.3843107540594936,0.884701736250606,8,interpolation,integrated_logging_features_margin,0.5,4000,75,4.775450944900513
0.775375,0.3862037769797752,0.5149874585952117,0.4195429789038333,0.7496483019657427,8,interpolation,integrated_logging_features_full,1.0,8000,75,4.775450944900513
0.9779411764705882,0.75,0.7521887887118064,0.7471264367816092,0.9670385395537524,8,extrapolation,integrated_logging_features_margin,0.01,272,75,4.775450944900513
0.9834558823529412,0.6,0.8124293908191488,0.598274209012464,0.9752552027522418,8,extrapolation,integrated_logging_features_margin,0.02,544,75,4.775450944900513
0.9840686274509804,0.5,0.8422337123737034,0.4986048508263576,0.9761696211002108,8,extrapolation,integrated_logging_features_margin,0.03,816,75,4.775450944900513
0.9852941176470588,0.5714285714285714,0.8859688704898868,0.570306362922231,0.9779989372025324,8,extrapolation,integrated_logging_features_margin,0.05,1360,75,4.775450944900513
0.9834558823529412,0.5595238095238095,0.8846066392824103,0.5633866928959871,0.975474256436352,8,extrapolation,integrated_logging_features_margin,0.08,2176,75,4.775450944900513
0.9786764705882351,0.4368442955200481,0.8745430713104446,0.4289526686719213,0.9686833998489964,8,extrapolation,integrated_logging_features_margin,0.1,2720,75,4.775450944900513
0.9641544117647058,0.3889211416375456,0.859090280031787,0.3748787000311012,0.9484058956338048,8,extrapolation,integrated_logging_features_margin,0.2,5440,75,4.775450944900513
0.9446078431372548,0.3486269545244435,0.8271554024333981,0.3318166213339212,0.9219006468918238,8,extrapolation,integrated_logging_features_margin,0.3,8160,75,4.775450944900513
0.9163602941176472,0.334370156656244,0.773012648887709,0.3160557272657966,0.8854212111606868,8,extrapolation,integrated_logging_features_margin,0.4,10880,75,4.775450944900513
0.8863970588235294,0.3146103087253329,0.7189094780905502,0.2987243992613533,0.8475786583670745,8,extrapolation,integrated_logging_features_margin,0.5,13600,75,4.775450944900513
0.7022426470588236,0.2574990646268186,0.5028970134154729,0.2387067162726643,0.6560474893354006,8,extrapolation,integrated_logging_features_full,1.0,27200,75,4.775450944900513
1.0,1.0,1.0,1.0,1.0,9,interpolation,integrated_logging_features_margin,0.01,80,75,6.246381998062134
1.0,1.0,1.0,1.0,1.0,9,interpolation,integrated_logging_features_margin,0.02,160,75,6.246381998062134
1.0,1.0,1.0,1.0,1.0,9,interpolation,integrated_logging_features_margin,0.03,240,75,6.246381998062134
1.0,1.0,1.0,1.0,1.0,9,interpolation,integrated_logging_features_margin,0.05,400,75,6.246381998062134
0.9984375,0.8333333333333334,0.9910746866200137,0.8886007874771918,0.9981777585710171,9,interpolation,integrated_logging_features_margin,0.08,640,75,6.246381998062134
0.99625,0.625,0.9774036448764825,0.6629234167893961,0.9948099533627885,9,interpolation,integrated_logging_features_margin,0.1,800,75,6.246381998062134
0.98,0.4047619047619047,0.8978719681991698,0.4274331554164073,0.9708803728711266,9,interpolation,integrated_logging_features_margin,0.2,1600,75,6.246381998062134
0.95875,0.3991738848095558,0.8522975865742329,0.4140200295897352,0.9420908440606067,9,interpolation,integrated_logging_features_margin,0.3,2400,75,6.246381998062134
0.9103125,0.3632912782183067,0.7596268596929482,0.3744543160687259,0.8893868829193052,9,interpolation,integrated_logging_features_margin,0.4,3200,75,6.246381998062134
0.8625,0.4078616803285854,0.6933490931330517,0.4226901091501617,0.8430965127491272,9,interpolation,integrated_logging_features_margin,0.5,4000,75,6.246381998062134
0.668,0.3646285966352525,0.4508166385607127,0.38142597288660607,0.6595296948815957,9,interpolation,integrated_logging_features_full,1.0,8000,75,6.246381998062134
0.9705882352941176,0.75,0.6510270561729197,0.7461832061068703,0.9561068702290076,9,extrapolation,integrated_logging_features_margin,0.01,272,75,6.246381998062134
0.9797794117647058,0.8,0.7661607378706871,0.7978947368421052,0.9697755417956657,9,extrapolation,integrated_logging_features_margin,0.02,544,75,6.246381998062134
0.9767156862745098,0.8,0.7675901825743324,0.7975594091201028,0.9652155981210725,9,extrapolation,integrated_logging_features_margin,0.03,816,75,6.246381998062134
0.9794117647058823,0.8,0.7991777131993107,0.7978378378378379,0.9692289348171702,9,extrapolation,integrated_logging_features_margin,0.05,1360,75,6.246381998062134
0.9802389705882353,0.567287784679089,0.8204959455431586,0.5649573810402642,0.9709142317225999,9,extrapolation,integrated_logging_features_margin,0.08,2176,75,6.246381998062134
0.9797794117647058,0.493796992481203,0.8309289090010582,0.49315226578245885,0.9703183843266193,9,extrapolation,integrated_logging_features_margin,0.1,2720,75,6.246381998062134
0.9713235294117647,0.43193704642418945,0.8382240635036545,0.4163913957192385,0.9588500786226624,9,extrapolation,integrated_logging_features_margin,0.2,5440,75,6.246381998062134
0.9431372549019608,0.37937028342816015,0.7759243900012885,0.3592037929742475,0.9196790206868357,9,extrapolation,integrated_logging_features_margin,0.3,8160,75,6.246381998062134
0.9248161764705882,0.33403090950880343,0.7581095775643306,0.3158718554968693,0.8948644900121681,9,extrapolation,integrated_logging_features_margin,0.4,10880,75,6.246381998062134
0.8930882352941176,0.30941449957723965,0.7098388652992852,0.299659840542855,0.8548672254072205,9,extrapolation,integrated_logging_features_margin,0.5,13600,75,6.246381998062134
0.7088602941176471,0.2576285399008545,0.5103880483317075,0.24116743597463997,0.6661085806967694,9,extrapolation,integrated_logging_features_full,1.0,27200,75,6.246381998062134
1.0,1.0,1.0,1.0,1.0,42,interpolation,integrated_logging_features_margin,0.01,80,75,5.871315002441406
1.0,1.0,1.0,1.0,1.0,42,interpolation,integrated_logging_features_margin,0.02,160,75,5.871315002441406
1.0,1.0,1.0,1.0,1.0,42,interpolation,integrated_logging_features_margin,0.03,240,75,5.871315002441406
0.9975,0.8,0.9917251129851572,0.7982905982905983,0.9962606837606838,42,interpolation,integrated_logging_features_margin,0.05,400,75,5.871315002441406
0.9890625,0.6666666666666666,0.9705298721758542,0.6639342896652838,0.9836353370070474,42,interpolation,integrated_logging_features_margin,0.08,640,75,5.871315002441406
0.98875,0.6666666666666666,0.9711015715539455,0.6639693596553293,0.9831680443859807,42,interpolation,integrated_logging_features_margin,0.1,800,75,5.871315002441406
0.97375,0.5625169294111273,0.9288178260955577,0.5620944332012433,0.9620490170212189,42,interpolation,integrated_logging_features_margin,0.2,1600,75,5.871315002441406
0.95125,0.4224775214004557,0.8727719473445932,0.4495992798851958,0.9353042545351445,42,interpolation,integrated_logging_features_margin,0.3,2400,75,5.871315002441406
0.915,0.4319973370596496,0.7942598806850281,0.4774026955819486,0.8992964818485468,42,interpolation,integrated_logging_features_margin,0.4,3200,75,5.871315002441406
0.8695,0.4501281814859816,0.7101391104302697,0.49569726015694515,0.8533209165914964,42,interpolation,integrated_logging_features_margin,0.5,4000,75,5.871315002441406
0.677375,0.3451869400168026,0.4174908404890613,0.3693332247826431,0.676860167587439,42,interpolation,integrated_logging_features_full,1.0,8000,75,5.871315002441406
0.9816176470588235,0.8,0.7981165083616828,0.7980806142034549,0.9725146776560912,42,extrapolation,integrated_logging_features_margin,0.01,272,75,5.871315002441406
0.9816176470588235,0.8,0.7713136908671004,0.7980916030534351,0.9725141726537944,42,extrapolation,integrated_logging_features_margin,0.02,544,75,5.871315002441406
0.9828431372549019,0.8,0.8126605025813786,0.7982074263764405,0.9743415932314028,42,extrapolation,integrated_logging_features_margin,0.03,816,75,5.871315002441406
0.9808823529411764,0.6666666666666666,0.86300930398533,0.664956590370955,0.9714216073169599,42,extrapolation,integrated_logging_features_margin,0.05,1360,75,5.871315002441406
0.9742647058823529,0.6607142857142857,0.8674041504790947,0.6602605345724611,0.9617963980838373,42,extrapolation,integrated_logging_features_margin,0.08,2176,75,5.871315002441406
0.9683823529411765,0.6583333333333333,0.8532967900572064,0.657292061501706,0.9531902560396122,42,extrapolation,integrated_logging_features_margin,0.1,2720,75,5.871315002441406
0.9579044117647059,0.4336970333094913,0.8500852975866456,0.4297027083806168,0.9388434408856701,42,extrapolation,integrated_logging_features_margin,0.2,5440,75,5.871315002441406
0.9406862745098039,0.38686384760778053,0.8142046660644537,0.36709708022231224,0.9149839044526042,42,extrapolation,integrated_logging_features_margin,0.3,8160,75,5.871315002441406
0.9215073529411765,0.3336895156625239,0.776107549877099,0.32042890065608814,0.8891114120140536,42,extrapolation,integrated_logging_features_margin,0.4,10880,75,5.871315002441406
0.8974264705882353,0.3107517846454097,0.7320472722448566,0.29412914230937404,0.8589254204983335,42,extrapolation,integrated_logging_features_margin,0.5,13600,75,5.871315002441406
0.7095220588235294,0.2523414886203628,0.5137897720530815,0.23670294922431415,0.6566626016029719,42,extrapolation,integrated_logging_features_full,1.0,27200,75,5.871315002441406
