Accuracy,Balanced Accuracy,MCC,F1_macro,F1_weighted,seed,split,method,coverage,kept_rows,selected_features,synthetic_rows,retained_trees,mean_tree_purity,inner_score,train_time,n_estimators,max_depth,min_samples_leaf,max_features,purity_threshold
0.0,0.0,0.0,0.0,0.0,0,interpolation,drf_de_margin,0.01,80,18,13720,73,0.42553304115760865,0.3877418298219236,32.11656069755554,77,7,7,0.3717953273198758,0.3921861398738836
0.35625,0.3333333333333333,0.4433913605730157,0.2553345388788427,0.33066455696202535,0,interpolation,drf_de_margin,0.02,160,18,13720,73,0.42553304115760865,0.3877418298219236,32.11656069755554,77,7,7,0.3717953273198758,0.3921861398738836
0.4875,0.33695652173913043,0.47571251272351534,0.24866406136922856,0.4476493583248902,0,interpolation,drf_de_margin,0.03,240,18,13720,73,0.42553304115760865,0.3877418298219236,32.11656069755554,77,7,7,0.3717953273198758,0.3921861398738836
0.5375,0.4483350143651812,0.4870963411493988,0.33783299460742927,0.5390152827750508,0,interpolation,drf_de_margin,0.05,400,18,13720,73,0.42553304115760865,0.3877418298219236,32.11656069755554,77,7,7,0.3717953273198758,0.3921861398738836
0.56875,0.3534498138380391,0.5059584647101169,0.2912540680957609,0.5990406944364625,0,interpolation,drf_de_margin,0.08,640,18,13720,73,0.42553304115760865,0.3877418298219236,32.11656069755554,77,7,7,0.3717953273198758,0.3921861398738836
0.56,0.3480428201182841,0.49036702966446744,0.27584696484404786,0.5966358861435217,0,interpolation,drf_de_margin,0.1,800,18,13720,73,0.42553304115760865,0.3877418298219236,32.11656069755554,77,7,7,0.3717953273198758,0.3921861398738836
0.54125,0.3604766724990683,0.4703039683078694,0.278763435781483,0.5966898181712306,0,interpolation,drf_de_margin,0.2,1600,18,13720,73,0.42553304115760865,0.3877418298219236,32.11656069755554,77,7,7,0.3717953273198758,0.3921861398738836
0.5483333333333333,0.36496048064178904,0.4650102615524669,0.2865038439468441,0.6076657830738846,0,interpolation,drf_de_margin,0.3,2400,18,13720,73,0.42553304115760865,0.3877418298219236,32.11656069755554,77,7,7,0.3717953273198758,0.3921861398738836
0.5496875,0.39045503629271605,0.44571104920862264,0.3044543091999378,0.6100569264848016,0,interpolation,drf_de_margin,0.4,3200,18,13720,73,0.42553304115760865,0.3877418298219236,32.11656069755554,77,7,7,0.3717953273198758,0.3921861398738836
0.54925,0.38411909975946185,0.4248983262368729,0.300652446698412,0.6106269441072716,0,interpolation,drf_de_margin,0.5,4000,18,13720,73,0.42553304115760865,0.3877418298219236,32.11656069755554,77,7,7,0.3717953273198758,0.3921861398738836
0.47575,0.32385286304431005,0.30540432257015526,0.25355846690445505,0.5329316524873982,0,interpolation,drf_de_full,1.0,8000,18,13720,73,0.42553304115760865,0.3877418298219236,32.11656069755554,77,7,7,0.3717953273198758,0.3921861398738836
0.22115384615384615,0.31653439153439156,0.26300892468463377,0.11452023759716067,0.1977498586226397,0,extrapolation,drf_de_margin,0.01,312,18,13720,73,0.42553304115760865,0.3877418298219236,32.11656069755554,77,7,7,0.3717953273198758,0.3921861398738836
0.36217948717948717,0.28686184151079785,0.30675942251346394,0.11067299214668191,0.33157555275350614,0,extrapolation,drf_de_margin,0.02,624,18,13720,73,0.42553304115760865,0.3877418298219236,32.11656069755554,77,7,7,0.3717953273198758,0.3921861398738836
0.4091880341880342,0.31726071392748145,0.35432223730663437,0.16992602939048027,0.4003454209333058,0,extrapolation,drf_de_margin,0.03,936,18,13720,73,0.42553304115760865,0.3877418298219236,32.11656069755554,77,7,7,0.3717953273198758,0.3921861398738836
0.5032051282051282,0.32707597262332483,0.45599743428940825,0.20215705152780686,0.5353808044357804,0,extrapolation,drf_de_margin,0.05,1560,18,13720,73,0.42553304115760865,0.3877418298219236,32.11656069755554,77,7,7,0.3717953273198758,0.3921861398738836
0.5528846153846154,0.3162299506099629,0.49281684162841577,0.21709769757343997,0.605455244343754,0,extrapolation,drf_de_margin,0.08,2496,18,13720,73,0.42553304115760865,0.3877418298219236,32.11656069755554,77,7,7,0.3717953273198758,0.3921861398738836
0.5673076923076923,0.3212337228670749,0.5032911835297184,0.22195773094384225,0.6276294378958416,0,extrapolation,drf_de_margin,0.1,3120,18,13720,73,0.42553304115760865,0.3877418298219236,32.11656069755554,77,7,7,0.3717953273198758,0.3921861398738836
0.5429487179487179,0.3039396120991364,0.475355423904779,0.21575678148230723,0.5985286388936102,0,extrapolation,drf_de_margin,0.2,6240,18,13720,73,0.42553304115760865,0.3877418298219236,32.11656069755554,77,7,7,0.3717953273198758,0.3921861398738836
0.4808760683760684,0.28370360831167213,0.42043671541866984,0.2046729984245913,0.5453095538191929,0,extrapolation,drf_de_margin,0.3,9360,18,13720,73,0.42553304115760865,0.3877418298219236,32.11656069755554,77,7,7,0.3717953273198758,0.3921861398738836
0.47427884615384613,0.27493544589903984,0.39585805190023055,0.20121422313628076,0.5452270583026353,0,extrapolation,drf_de_margin,0.4,12480,18,13720,73,0.42553304115760865,0.3877418298219236,32.11656069755554,77,7,7,0.3717953273198758,0.3921861398738836
0.4716666666666667,0.2672913354236574,0.38138341433374157,0.2017758561312153,0.5456211072850042,0,extrapolation,drf_de_margin,0.5,15600,18,13720,73,0.42553304115760865,0.3877418298219236,32.11656069755554,77,7,7,0.3717953273198758,0.3921861398738836
0.4492628205128205,0.22463657562566233,0.3140796406915632,0.1767438406794948,0.5147640405566967,0,extrapolation,drf_de_full,1.0,31200,18,13720,73,0.42553304115760865,0.3877418298219236,32.11656069755554,77,7,7,0.3717953273198758,0.3921861398738836
0.5875,0.23979591836734693,0.3966202645547488,0.16319444444444445,0.5997395833333333,1,interpolation,drf_de_margin,0.01,80,18,13720,56,0.5041266683538586,0.25097337268725395,30.91551685333252,56,8,4,0.5567932167825826,0.3492447361572944
0.525,0.2441860465116279,0.4109356233687679,0.1627906976744186,0.525,1,interpolation,drf_de_margin,0.02,160,18,13720,56,0.5041266683538586,0.25097337268725395,30.91551685333252,56,8,4,0.5567932167825826,0.3492447361572944
0.6375,0.2467741935483871,0.4411182430995853,0.16451612903225807,0.6375,1,interpolation,drf_de_margin,0.03,240,18,13720,56,0.5041266683538586,0.25097337268725395,30.91551685333252,56,8,4,0.5567932167825826,0.3492447361572944
0.705,0.4220194899440182,0.4892132939730011,0.20457646503070537,0.7290999738942344,1,interpolation,drf_de_margin,0.05,400,18,13720,56,0.5041266683538586,0.25097337268725395,30.91551685333252,56,8,4,0.5567932167825826,0.3492447361572944
0.7796875,0.4569162995594714,0.5786157546180156,0.25070521170082544,0.8141140054651455,1,interpolation,drf_de_margin,0.08,640,18,13720,56,0.5041266683538586,0.25097337268725395,30.91551685333252,56,8,4,0.5567932167825826,0.3492447361572944
0.79875,0.39035988704673263,0.591318899146028,0.22424273662931613,0.8300985166922641,1,interpolation,drf_de_margin,0.1,800,18,13720,56,0.5041266683538586,0.25097337268725395,30.91551685333252,56,8,4,0.5567932167825826,0.3492447361572944
0.80625,0.437833186159079,0.6370453192283565,0.2866446441458313,0.8032313079583662,1,interpolation,drf_de_margin,0.2,1600,18,13720,56,0.5041266683538586,0.25097337268725395,30.91551685333252,56,8,4,0.5567932167825826,0.3492447361572944
0.7316666666666667,0.3884932366235434,0.5575906081539543,0.28261109209935087,0.7170366163389391,1,interpolation,drf_de_margin,0.3,2400,18,13720,56,0.5041266683538586,0.25097337268725395,30.91551685333252,56,8,4,0.5567932167825826,0.3492447361572944
0.6559375,0.38850267409939476,0.4730662135671056,0.2737458756953496,0.6481149550489517,1,interpolation,drf_de_margin,0.4,3200,18,13720,56,0.5041266683538586,0.25097337268725395,30.91551685333252,56,8,4,0.5567932167825826,0.3492447361572944
0.612,0.3661490964651837,0.4213856082933161,0.26666961708380943,0.6113602910874126,1,interpolation,drf_de_margin,0.5,4000,18,13720,56,0.5041266683538586,0.25097337268725395,30.91551685333252,56,8,4,0.5567932167825826,0.3492447361572944
0.484375,0.259179173725188,0.2879424452788354,0.21816495741032116,0.5261192392209791,1,interpolation,drf_de_full,1.0,8000,18,13720,56,0.5041266683538586,0.25097337268725395,30.91551685333252,56,8,4,0.5567932167825826,0.3492447361572944
0.5096153846153846,0.26666666666666666,0.24212536610785146,0.13688949847933687,0.6128891681995624,1,extrapolation,drf_de_margin,0.01,312,18,13720,56,0.5041266683538586,0.25097337268725395,30.91551685333252,56,8,4,0.5567932167825826,0.3492447361572944
0.6682692307692307,0.24947089947089948,0.2951942668938241,0.13901167524711364,0.740791397443758,1,extrapolation,drf_de_margin,0.02,624,18,13720,56,0.5041266683538586,0.25097337268725395,30.91551685333252,56,8,4,0.5567932167825826,0.3492447361572944
0.6933760683760684,0.22468553459119497,0.2591487633277342,0.12173139574759945,0.7403436719601844,1,extrapolation,drf_de_margin,0.03,936,18,13720,56,0.5041266683538586,0.25097337268725395,30.91551685333252,56,8,4,0.5567932167825826,0.3492447361572944
0.7403846153846154,0.33162824829491494,0.3624696608130309,0.2043041033761912,0.7841169108245597,1,extrapolation,drf_de_margin,0.05,1560,18,13720,56,0.5041266683538586,0.25097337268725395,30.91551685333252,56,8,4,0.5567932167825826,0.3492447361572944
0.7888621794871795,0.31036842105263157,0.4088875615802009,0.19593250981708282,0.8186811556136279,1,extrapolation,drf_de_margin,0.08,2496,18,13720,56,0.5041266683538586,0.25097337268725395,30.91551685333252,56,8,4,0.5567932167825826,0.3492447361572944
0.7919871794871794,0.32424064883311027,0.42163390621049346,0.2239676006075177,0.8150317216741049,1,extrapolation,drf_de_margin,0.1,3120,18,13720,56,0.5041266683538586,0.25097337268725395,30.91551685333252,56,8,4,0.5567932167825826,0.3492447361572944
0.784775641025641,0.29931751524059436,0.541665900057494,0.23760173126200393,0.7875015983204623,1,extrapolation,drf_de_margin,0.2,6240,18,13720,56,0.5041266683538586,0.25097337268725395,30.91551685333252,56,8,4,0.5567932167825826,0.3492447361572944
0.7602564102564102,0.26086279837925913,0.5406811621909952,0.2241656191958724,0.7520360522022461,1,extrapolation,drf_de_margin,0.3,9360,18,13720,56,0.5041266683538586,0.25097337268725395,30.91551685333252,56,8,4,0.5567932167825826,0.3492447361572944
0.7329326923076923,0.244804487237035,0.49282788545177025,0.21015004242902097,0.7214865296907907,1,extrapolation,drf_de_margin,0.4,12480,18,13720,56,0.5041266683538586,0.25097337268725395,30.91551685333252,56,8,4,0.5567932167825826,0.3492447361572944
0.7011538461538461,0.22512345036453826,0.44588042478234374,0.19735365219309714,0.6923141031275287,1,extrapolation,drf_de_margin,0.5,15600,18,13720,56,0.5041266683538586,0.25097337268725395,30.91551685333252,56,8,4,0.5567932167825826,0.3492447361572944
0.5528205128205128,0.1890759859474708,0.32159695244150105,0.16472468691566255,0.5662046947699365,1,extrapolation,drf_de_full,1.0,31200,18,13720,56,0.5041266683538586,0.25097337268725395,30.91551685333252,56,8,4,0.5567932167825826,0.3492447361572944
0.8,0.4825396825396825,0.5402249781035051,0.3499184797886096,0.8289256198347108,2,interpolation,drf_de_margin,0.01,80,18,13720,49,0.5898868097351575,0.33132123439761935,34.230844497680664,49,10,3,0.5138612366264244,0.4496585599668207
0.85625,0.3524046434494195,0.5378378135756708,0.29344896285011135,0.864909762100082,2,interpolation,drf_de_margin,0.02,160,18,13720,49,0.5898868097351575,0.33132123439761935,34.230844497680664,49,10,3,0.5138612366264244,0.4496585599668207
0.8666666666666667,0.35970017636684304,0.6407602141667648,0.29824184993146197,0.8684944722569878,2,interpolation,drf_de_margin,0.03,240,18,13720,49,0.5898868097351575,0.33132123439761935,34.230844497680664,49,10,3,0.5138612366264244,0.4496585599668207
0.9025,0.3867471316719804,0.6974452683794471,0.3163568430278149,0.9018783500161446,2,interpolation,drf_de_margin,0.05,400,18,13720,49,0.5898868097351575,0.33132123439761935,34.230844497680664,49,10,3,0.5138612366264244,0.4496585599668207
0.884375,0.46762379987079816,0.71656800678962,0.36302486290630925,0.8840829437678506,2,interpolation,drf_de_margin,0.08,640,18,13720,49,0.5898868097351575,0.33132123439761935,34.230844497680664,49,10,3,0.5138612366264244,0.4496585599668207
0.87375,0.4822556027342005,0.7142415383167376,0.3521194051833869,0.8705994806839221,2,interpolation,drf_de_margin,0.1,800,18,13720,49,0.5898868097351575,0.33132123439761935,34.230844497680664,49,10,3,0.5138612366264244,0.4496585599668207
0.815625,0.4051856884109961,0.5795159919291688,0.26034820714343493,0.8324355644039554,2,interpolation,drf_de_margin,0.2,1600,18,13720,49,0.5898868097351575,0.33132123439761935,34.230844497680664,49,10,3,0.5138612366264244,0.4496585599668207
0.7879166666666667,0.4503482416031241,0.5725771327416359,0.2859164924972359,0.8135473207504863,2,interpolation,drf_de_margin,0.3,2400,18,13720,49,0.5898868097351575,0.33132123439761935,34.230844497680664,49,10,3,0.5138612366264244,0.4496585599668207
0.7834375,0.4476698098852396,0.5561237520998752,0.28117809071513217,0.8065922997863653,2,interpolation,drf_de_margin,0.4,3200,18,13720,49,0.5898868097351575,0.33132123439761935,34.230844497680664,49,10,3,0.5138612366264244,0.4496585599668207
0.75125,0.43744647962764,0.5020437045898775,0.27074790584972114,0.7763127089474962,2,interpolation,drf_de_margin,0.5,4000,18,13720,49,0.5898868097351575,0.33132123439761935,34.230844497680664,49,10,3,0.5138612366264244,0.4496585599668207
0.613125,0.3232123017348448,0.33807468584685174,0.2383715451290016,0.6576799723267254,2,interpolation,drf_de_full,1.0,8000,18,13720,49,0.5898868097351575,0.33132123439761935,34.230844497680664,49,10,3,0.5138612366264244,0.4496585599668207
0.8910256410256411,0.32108843537414966,0.31572446360161144,0.2713898567557104,0.9126016260162603,2,extrapolation,drf_de_margin,0.01,312,18,13720,49,0.5898868097351575,0.33132123439761935,34.230844497680664,49,10,3,0.5138612366264244,0.4496585599668207
0.8814102564102564,0.3176378992382063,0.7467174081707186,0.28667061890538187,0.8815638280706002,2,extrapolation,drf_de_margin,0.02,624,18,13720,49,0.5898868097351575,0.33132123439761935,34.230844497680664,49,10,3,0.5138612366264244,0.4496585599668207
0.875,0.2906848319330029,0.7579188873171159,0.2897691838435982,0.8648124217945072,2,extrapolation,drf_de_margin,0.03,936,18,13720,49,0.5898868097351575,0.33132123439761935,34.230844497680664,49,10,3,0.5138612366264244,0.4496585599668207
0.8506410256410256,0.2645802211324631,0.7536358985313016,0.25827107816279476,0.8212414597340552,2,extrapolation,drf_de_margin,0.05,1560,18,13720,49,0.5898868097351575,0.33132123439761935,34.230844497680664,49,10,3,0.5138612366264244,0.4496585599668207
0.8413461538461539,0.24825241952240953,0.7471619837371614,0.23752973369341657,0.8039043859118126,2,extrapolation,drf_de_margin,0.08,2496,18,13720,49,0.5898868097351575,0.33132123439761935,34.230844497680664,49,10,3,0.5138612366264244,0.4496585599668207
0.8435897435897436,0.2515360229684558,0.7424264242812476,0.23807646776063096,0.8075956543547717,2,extrapolation,drf_de_margin,0.1,3120,18,13720,49,0.5898868097351575,0.33132123439761935,34.230844497680664,49,10,3,0.5138612366264244,0.4496585599668207
0.8275641025641025,0.25252486041249383,0.7146328998460115,0.2305798381731037,0.7841981264161869,2,extrapolation,drf_de_margin,0.2,6240,18,13720,49,0.5898868097351575,0.33132123439761935,34.230844497680664,49,10,3,0.5138612366264244,0.4496585599668207
0.8347222222222223,0.2529061104190605,0.7113424627872369,0.2314221441277299,0.7936446680338397,2,extrapolation,drf_de_margin,0.3,9360,18,13720,49,0.5898868097351575,0.33132123439761935,34.230844497680664,49,10,3,0.5138612366264244,0.4496585599668207
0.8294871794871795,0.24633018626864892,0.6948118900333953,0.22816817323189606,0.7887844153224012,2,extrapolation,drf_de_margin,0.4,12480,18,13720,49,0.5898868097351575,0.33132123439761935,34.230844497680664,49,10,3,0.5138612366264244,0.4496585599668207
0.8144230769230769,0.23992149064427012,0.6673593250996176,0.22424207026139625,0.7743377126179569,2,extrapolation,drf_de_margin,0.5,15600,18,13720,49,0.5898868097351575,0.33132123439761935,34.230844497680664,49,10,3,0.5138612366264244,0.4496585599668207
0.6648397435897436,0.2035827406232631,0.4584666981472216,0.18387843073909615,0.6346318593105502,2,extrapolation,drf_de_full,1.0,31200,18,13720,49,0.5898868097351575,0.33132123439761935,34.230844497680664,49,10,3,0.5138612366264244,0.4496585599668207
0.05,0.16,0.21509366430273852,0.13333333333333333,0.05,3,interpolation,drf_de_margin,0.01,80,18,13720,23,0.37090265804640926,0.3291601687635645,32.21205925941467,68,6,3,0.644462590522503,0.5946920319684057
0.44375,0.3207070707070707,0.4311120802376763,0.27195767195767195,0.43527777777777776,3,interpolation,drf_de_margin,0.02,160,18,13720,23,0.37090265804640926,0.3291601687635645,32.21205925941467,68,6,3,0.644462590522503,0.5946920319684057
0.5958333333333333,0.3297550707998469,0.4619450417239567,0.2833339794533824,0.5901994572591588,3,interpolation,drf_de_margin,0.03,240,18,13720,23,0.37090265804640926,0.3291601687635645,32.21205925941467,68,6,3,0.644462590522503,0.5946920319684057
0.675,0.3561837891106184,0.4744504032157248,0.3005763710211667,0.6709311878006844,3,interpolation,drf_de_margin,0.05,400,18,13720,23,0.37090265804640926,0.3291601687635645,32.21205925941467,68,6,3,0.644462590522503,0.5946920319684057
0.69375,0.4280919923957899,0.5521839156172246,0.4077933721898432,0.7081800563477105,3,interpolation,drf_de_margin,0.08,640,18,13720,23,0.37090265804640926,0.3291601687635645,32.21205925941467,68,6,3,0.644462590522503,0.5946920319684057
0.71625,0.47079343355987857,0.5850125181363134,0.42211131576603106,0.7228599589831118,3,interpolation,drf_de_margin,0.1,800,18,13720,23,0.37090265804640926,0.3291601687635645,32.21205925941467,68,6,3,0.644462590522503,0.5946920319684057
0.681875,0.44233041908647464,0.5562627728251895,0.34334881494606895,0.7068196530262404,3,interpolation,drf_de_margin,0.2,1600,18,13720,23,0.37090265804640926,0.3291601687635645,32.21205925941467,68,6,3,0.644462590522503,0.5946920319684057
0.6304166666666666,0.4108359201722531,0.4971308988903183,0.3173277288373033,0.6810618345613408,3,interpolation,drf_de_margin,0.3,2400,18,13720,23,0.37090265804640926,0.3291601687635645,32.21205925941467,68,6,3,0.644462590522503,0.5946920319684057
0.6046875,0.3971193688386748,0.44624972621867903,0.3135162436216928,0.6552722712772386,3,interpolation,drf_de_margin,0.4,3200,18,13720,23,0.37090265804640926,0.3291601687635645,32.21205925941467,68,6,3,0.644462590522503,0.5946920319684057
0.55125,0.3886553182248118,0.38006549122380856,0.28031792368384967,0.6128806612076274,3,interpolation,drf_de_margin,0.5,4000,18,13720,23,0.37090265804640926,0.3291601687635645,32.21205925941467,68,6,3,0.644462590522503,0.5946920319684057
0.446,0.30609245292159254,0.26104356883934005,0.22755341134541537,0.5226160429466797,3,interpolation,drf_de_full,1.0,8000,18,13720,23,0.37090265804640926,0.3291601687635645,32.21205925941467,68,6,3,0.644462590522503,0.5946920319684057
0.041666666666666664,0.1111111111111111,0.0,0.008888888888888889,0.0033333333333333335,3,extrapolation,drf_de_margin,0.01,312,18,13720,23,0.37090265804640926,0.3291601687635645,32.21205925941467,68,6,3,0.644462590522503,0.5946920319684057
0.08974358974358974,0.20038434661076168,0.11524529993188662,0.0733283138990502,0.08597192996868903,3,extrapolation,drf_de_margin,0.02,624,18,13720,23,0.37090265804640926,0.3291601687635645,32.21205925941467,68,6,3,0.644462590522503,0.5946920319684057
0.18055555555555555,0.2205767488348394,0.16795051035238526,0.0896934882888835,0.21497888781297197,3,extrapolation,drf_de_margin,0.03,936,18,13720,23,0.37090265804640926,0.3291601687635645,32.21205925941467,68,6,3,0.644462590522503,0.5946920319684057
0.42243589743589743,0.2677912147405319,0.30612012634694385,0.15101206668147987,0.5297111669850137,3,extrapolation,drf_de_margin,0.05,1560,18,13720,23,0.37090265804640926,0.3291601687635645,32.21205925941467,68,6,3,0.644462590522503,0.5946920319684057
0.4583333333333333,0.26902668193539764,0.3274742883835298,0.17719618446004948,0.560234583940451,3,extrapolation,drf_de_margin,0.08,2496,18,13720,23,0.37090265804640926,0.3291601687635645,32.21205925941467,68,6,3,0.644462590522503,0.5946920319684057
0.4733974358974359,0.2409734872151906,0.32912199815725485,0.1619875307169824,0.5736749290778229,3,extrapolation,drf_de_margin,0.1,3120,18,13720,23,0.37090265804640926,0.3291601687635645,32.21205925941467,68,6,3,0.644462590522503,0.5946920319684057
0.5222756410256411,0.26291798310679027,0.35994327019493894,0.20986658514648113,0.6198220816925775,3,extrapolation,drf_de_margin,0.2,6240,18,13720,23,0.37090265804640926,0.3291601687635645,32.21205925941467,68,6,3,0.644462590522503,0.5946920319684057
0.5386752136752136,0.3067389422722307,0.38553720536882663,0.21253790538938053,0.620951834733975,3,extrapolation,drf_de_margin,0.3,9360,18,13720,23,0.37090265804640926,0.3291601687635645,32.21205925941467,68,6,3,0.644462590522503,0.5946920319684057
0.5128205128205128,0.2718762217470705,0.34341978378887983,0.19542175305828566,0.5832980943408124,3,extrapolation,drf_de_margin,0.4,12480,18,13720,23,0.37090265804640926,0.3291601687635645,32.21205925941467,68,6,3,0.644462590522503,0.5946920319684057
0.4966025641025641,0.24924295275367642,0.3423900292583355,0.19433413241578942,0.5629343450869597,3,extrapolation,drf_de_margin,0.5,15600,18,13720,23,0.37090265804640926,0.3291601687635645,32.21205925941467,68,6,3,0.644462590522503,0.5946920319684057
0.44576923076923075,0.20826113168137605,0.278698245813702,0.16372308654994053,0.49454642853623315,3,extrapolation,drf_de_full,1.0,31200,18,13720,23,0.37090265804640926,0.3291601687635645,32.21205925941467,68,6,3,0.644462590522503,0.5946920319684057
0.625,0.46339285714285716,0.521560134521764,0.35979814970563495,0.60811606391926,4,interpolation,drf_de_margin,0.01,80,18,13720,65,0.5748689508752852,0.3242703880959669,31.020021438598633,65,10,3,0.4717664023172599,0.38464380515999774
0.7625,0.388045738045738,0.6599811790056814,0.31156667671590793,0.7335227615315044,4,interpolation,drf_de_margin,0.02,160,18,13720,65,0.5748689508752852,0.3242703880959669,31.020021438598633,65,10,3,0.4717664023172599,0.38464380515999774
0.7958333333333333,0.5202229654403567,0.6961666969260234,0.4103122697126014,0.7726663442643085,4,interpolation,drf_de_margin,0.03,240,18,13720,65,0.5748689508752852,0.3242703880959669,31.020021438598633,65,10,3,0.4717664023172599,0.38464380515999774
0.8475,0.6404367437835998,0.75357783914676,0.5474231499236757,0.8363624372827387,4,interpolation,drf_de_margin,0.05,400,18,13720,65,0.5748689508752852,0.3242703880959669,31.020021438598633,65,10,3,0.4717664023172599,0.38464380515999774
0.8421875,0.5572595736164369,0.7404098964269917,0.5571721187587727,0.8422583503571592,4,interpolation,drf_de_margin,0.08,640,18,13720,65,0.5748689508752852,0.3242703880959669,31.020021438598633,65,10,3,0.4717664023172599,0.38464380515999774
0.8375,0.5667952843380735,0.7339822146225748,0.5631539524721049,0.8399907645530819,4,interpolation,drf_de_margin,0.1,800,18,13720,65,0.5748689508752852,0.3242703880959669,31.020021438598633,65,10,3,0.4717664023172599,0.38464380515999774
0.825,0.5347635632953208,0.7138852065120979,0.5325484424624293,0.8293366778509832,4,interpolation,drf_de_margin,0.2,1600,18,13720,65,0.5748689508752852,0.3242703880959669,31.020021438598633,65,10,3,0.4717664023172599,0.38464380515999774
0.8158333333333333,0.4757270158070711,0.6936939306535858,0.4785139527651336,0.8186089965492678,4,interpolation,drf_de_margin,0.3,2400,18,13720,65,0.5748689508752852,0.3242703880959669,31.020021438598633,65,10,3,0.4717664023172599,0.38464380515999774
0.7828125,0.45831195951858106,0.6469193518759562,0.39281558985238785,0.7873852166235722,4,interpolation,drf_de_margin,0.4,3200,18,13720,65,0.5748689508752852,0.3242703880959669,31.020021438598633,65,10,3,0.4717664023172599,0.38464380515999774
0.739,0.38163019841864876,0.5827362384531036,0.3730866194609631,0.7475872272206984,4,interpolation,drf_de_margin,0.5,4000,18,13720,65,0.5748689508752852,0.3242703880959669,31.020021438598633,65,10,3,0.4717664023172599,0.38464380515999774
0.564,0.3052199493794228,0.37047398846186336,0.2992428772111698,0.6016168605659048,4,interpolation,drf_de_full,1.0,8000,18,13720,65,0.5748689508752852,0.3242703880959669,31.020021438598633,65,10,3,0.4717664023172599,0.38464380515999774
0.5256410256410257,0.22769567597153806,0.19580409859333855,0.12072230372922992,0.6149063722878507,4,extrapolation,drf_de_margin,0.01,312,18,13720,65,0.5748689508752852,0.3242703880959669,31.020021438598633,65,10,3,0.4717664023172599,0.38464380515999774
0.6826923076923077,0.310322015958313,0.31292201694936134,0.2085324769548943,0.7466949268407505,4,extrapolation,drf_de_margin,0.02,624,18,13720,65,0.5748689508752852,0.3242703880959669,31.020021438598633,65,10,3,0.4717664023172599,0.38464380515999774
0.7414529914529915,0.2802704126687296,0.3288563223364478,0.17676632512027593,0.7790681649645916,4,extrapolation,drf_de_margin,0.03,936,18,13720,65,0.5748689508752852,0.3242703880959669,31.020021438598633,65,10,3,0.4717664023172599,0.38464380515999774
0.7916666666666666,0.28465621273038,0.4686564018331119,0.206632764566936,0.8142574502327582,4,extrapolation,drf_de_margin,0.05,1560,18,13720,65,0.5748689508752852,0.3242703880959669,31.020021438598633,65,10,3,0.4717664023172599,0.38464380515999774
0.8137019230769231,0.3195108376392708,0.5527081974395969,0.23383157756661266,0.8281948839339939,4,extrapolation,drf_de_margin,0.08,2496,18,13720,65,0.5748689508752852,0.3242703880959669,31.020021438598633,65,10,3,0.4717664023172599,0.38464380515999774
0.8282051282051283,0.32602346798856424,0.5941441909605282,0.24593416020899392,0.8383791464579937,4,extrapolation,drf_de_margin,0.1,3120,18,13720,65,0.5748689508752852,0.3242703880959669,31.020021438598633,65,10,3,0.4717664023172599,0.38464380515999774
0.8301282051282052,0.30635598990420143,0.659320893876794,0.2530176764291918,0.8228075298570644,4,extrapolation,drf_de_margin,0.2,6240,18,13720,65,0.5748689508752852,0.3242703880959669,31.020021438598633,65,10,3,0.4717664023172599,0.38464380515999774
0.8088675213675214,0.27495726687030575,0.6438963482029705,0.23833339538112996,0.7978818669235701,4,extrapolation,drf_de_margin,0.3,9360,18,13720,65,0.5748689508752852,0.3242703880959669,31.020021438598633,65,10,3,0.4717664023172599,0.38464380515999774
0.7919871794871794,0.2580332011324985,0.6168118787398786,0.2280098891549428,0.780138608476952,4,extrapolation,drf_de_margin,0.4,12480,18,13720,65,0.5748689508752852,0.3242703880959669,31.020021438598633,65,10,3,0.4717664023172599,0.38464380515999774
0.759102564102564,0.2484210400399636,0.5727670308653879,0.22027026954740378,0.7443875078306098,4,extrapolation,drf_de_margin,0.5,15600,18,13720,65,0.5748689508752852,0.3242703880959669,31.020021438598633,65,10,3,0.4717664023172599,0.38464380515999774
0.6132051282051282,0.21632742243433592,0.4172510294840713,0.18747672337683682,0.6130617517680392,4,extrapolation,drf_de_full,1.0,31200,18,13720,65,0.5748689508752852,0.3242703880959669,31.020021438598633,65,10,3,0.4717664023172599,0.38464380515999774
0.7875,0.3181818181818182,0.44022434769227164,0.2441860465116279,0.805813953488372,5,interpolation,drf_de_margin,0.01,80,18,13720,24,0.5120242859683399,0.37937215354234133,32.90273356437683,69,8,4,0.6899492189394149,0.6455013032387157
0.89375,0.3264840182648402,0.4476354288861486,0.24740484429065743,0.9030276816608996,5,interpolation,drf_de_margin,0.02,160,18,13720,24,0.5120242859683399,0.37937215354234133,32.90273356437683,69,8,4,0.6899492189394149,0.6455013032387157
0.9208333333333333,0.39622641509433965,0.6659134434049448,0.331353919239905,0.9270091053048297,5,interpolation,drf_de_margin,0.03,240,18,13720,24,0.5120242859683399,0.37937215354234133,32.90273356437683,69,8,4,0.6899492189394149,0.6455013032387157
0.9425,0.396996996996997,0.8141758569188807,0.33013925763170476,0.9462173090420825,5,interpolation,drf_de_margin,0.05,400,18,13720,24,0.5120242859683399,0.37937215354234133,32.90273356437683,69,8,4,0.6899492189394149,0.6455013032387157
0.9265625,0.48121248499399766,0.8243174294869281,0.4760623826917422,0.9211069182995264,5,interpolation,drf_de_margin,0.08,640,18,13720,24,0.5120242859683399,0.37937215354234133,32.90273356437683,69,8,4,0.6899492189394149,0.6455013032387157
0.92,0.5112145832873934,0.8229395132114814,0.49311445317458696,0.9137353796086078,5,interpolation,drf_de_margin,0.1,800,18,13720,24,0.5120242859683399,0.37937215354234133,32.90273356437683,69,8,4,0.6899492189394149,0.6455013032387157
0.834375,0.4342687532449682,0.6761477089296646,0.3778319668658834,0.8526420737170688,5,interpolation,drf_de_margin,0.2,1600,18,13720,24,0.5120242859683399,0.37937215354234133,32.90273356437683,69,8,4,0.6899492189394149,0.6455013032387157
0.7995833333333333,0.3465537506720095,0.6143113911848984,0.34872022774164446,0.8228040718015722,5,interpolation,drf_de_margin,0.3,2400,18,13720,24,0.5120242859683399,0.37937215354234133,32.90273356437683,69,8,4,0.6899492189394149,0.6455013032387157
0.7584375,0.342240734354605,0.562251684177453,0.342894481230014,0.7862964388328193,5,interpolation,drf_de_margin,0.4,3200,18,13720,24,0.5120242859683399,0.37937215354234133,32.90273356437683,69,8,4,0.6899492189394149,0.6455013032387157
0.70775,0.32649299532525006,0.5035686775364315,0.3147668852425808,0.7429926358278841,5,interpolation,drf_de_margin,0.5,4000,18,13720,24,0.5120242859683399,0.37937215354234133,32.90273356437683,69,8,4,0.6899492189394149,0.6455013032387157
0.535625,0.2682272960567021,0.2974753614580781,0.240212551931917,0.5972911278691408,5,interpolation,drf_de_full,1.0,8000,18,13720,24,0.5120242859683399,0.37937215354234133,32.90273356437683,69,8,4,0.6899492189394149,0.6455013032387157
0.25961538461538464,0.30489417989417994,0.24228735200204432,0.18536742760345246,0.34731452122756473,5,extrapolation,drf_de_margin,0.01,312,18,13720,24,0.5120242859683399,0.37937215354234133,32.90273356437683,69,8,4,0.6899492189394149,0.6455013032387157
0.5256410256410257,0.3082993156739469,0.39398939468804306,0.25654665021051687,0.627758671925547,5,extrapolation,drf_de_margin,0.02,624,18,13720,24,0.5120242859683399,0.37937215354234133,32.90273356437683,69,8,4,0.6899492189394149,0.6455013032387157
0.5876068376068376,0.3018263948922988,0.4551489323336719,0.25510516304987235,0.685222344440482,5,extrapolation,drf_de_margin,0.03,936,18,13720,24,0.5120242859683399,0.37937215354234133,32.90273356437683,69,8,4,0.6899492189394149,0.6455013032387157
0.6455128205128206,0.28150234401469376,0.5489004762892294,0.24103920324798195,0.7233314944447266,5,extrapolation,drf_de_margin,0.05,1560,18,13720,24,0.5120242859683399,0.37937215354234133,32.90273356437683,69,8,4,0.6899492189394149,0.6455013032387157
0.6730769230769231,0.27260322389056774,0.5777367868700802,0.23903667480978433,0.7063468542723209,5,extrapolation,drf_de_margin,0.08,2496,18,13720,24,0.5120242859683399,0.37937215354234133,32.90273356437683,69,8,4,0.6899492189394149,0.6455013032387157
0.6897435897435897,0.26129041902907857,0.5935189391039963,0.23930389252708514,0.7128290107435407,5,extrapolation,drf_de_margin,0.1,3120,18,13720,24,0.5120242859683399,0.37937215354234133,32.90273356437683,69,8,4,0.6899492189394149,0.6455013032387157
0.6770833333333334,0.24761771808236127,0.5559975916328211,0.22964227491562214,0.6945334601151628,5,extrapolation,drf_de_margin,0.2,6240,18,13720,24,0.5120242859683399,0.37937215354234133,32.90273356437683,69,8,4,0.6899492189394149,0.6455013032387157
0.6582264957264957,0.23891676259353914,0.5158796135914974,0.22065011444240923,0.6827875767510317,5,extrapolation,drf_de_margin,0.3,9360,18,13720,24,0.5120242859683399,0.37937215354234133,32.90273356437683,69,8,4,0.6899492189394149,0.6455013032387157
0.6382211538461539,0.2135646340831254,0.4806344530835782,0.19507390073932293,0.6623275542476715,5,extrapolation,drf_de_margin,0.4,12480,18,13720,24,0.5120242859683399,0.37937215354234133,32.90273356437683,69,8,4,0.6899492189394149,0.6455013032387157
0.608525641025641,0.21703656878071662,0.44183630121301637,0.1896118900486947,0.6269597499461127,5,extrapolation,drf_de_margin,0.5,15600,18,13720,24,0.5120242859683399,0.37937215354234133,32.90273356437683,69,8,4,0.6899492189394149,0.6455013032387157
0.5065705128205128,0.20458365888020255,0.32575904247134446,0.17076201070667943,0.5450313967007543,5,extrapolation,drf_de_full,1.0,31200,18,13720,24,0.5120242859683399,0.37937215354234133,32.90273356437683,69,8,4,0.6899492189394149,0.6455013032387157
0.725,0.4930555555555556,0.6080224799609933,0.36045056320400504,0.6519712140175219,6,interpolation,drf_de_margin,0.01,80,18,13720,79,0.7739386058041279,0.39055941959384066,34.23825979232788,79,14,4,0.5807559292378865,0.4628182570502075
0.73125,0.3949367088607595,0.5998354467805395,0.29969677279618795,0.6471109486679663,6,interpolation,drf_de_margin,0.02,160,18,13720,79,0.7739386058041279,0.39055941959384066,34.23825979232788,79,14,4,0.5807559292378865,0.4628182570502075
0.7875,0.40192502532928065,0.6340374128204891,0.313128215977407,0.7162902612139604,6,interpolation,drf_de_margin,0.03,240,18,13720,79,0.7739386058041279,0.39055941959384066,34.23825979232788,79,14,4,0.5807559292378865,0.4628182570502075
0.8175,0.5160421836228288,0.6675734928074752,0.42765067277669205,0.7633062959094278,6,interpolation,drf_de_margin,0.05,400,18,13720,79,0.7739386058041279,0.39055941959384066,34.23825979232788,79,14,4,0.5807559292378865,0.4628182570502075
0.834375,0.6170309945815291,0.6560900944663063,0.49983979634851006,0.7859668139343882,6,interpolation,drf_de_margin,0.08,640,18,13720,79,0.7739386058041279,0.39055941959384066,34.23825979232788,79,14,4,0.5807559292378865,0.4628182570502075
0.84125,0.625793777967691,0.6618594114516256,0.5053512731983979,0.7912875397337288,6,interpolation,drf_de_margin,0.1,800,18,13720,79,0.7739386058041279,0.39055941959384066,34.23825979232788,79,14,4,0.5807559292378865,0.4628182570502075
0.810625,0.5221753110710868,0.5636331405853365,0.41206290757984354,0.7666509172368796,6,interpolation,drf_de_margin,0.2,1600,18,13720,79,0.7739386058041279,0.39055941959384066,34.23825979232788,79,14,4,0.5807559292378865,0.4628182570502075
0.7858333333333334,0.4303791770436048,0.5090735517951928,0.37798558561106044,0.7584869369128904,6,interpolation,drf_de_margin,0.3,2400,18,13720,79,0.7739386058041279,0.39055941959384066,34.23825979232788,79,14,4,0.5807559292378865,0.4628182570502075
0.74375,0.4090844799447881,0.45514670471195146,0.33587319123403975,0.7289538083412185,6,interpolation,drf_de_margin,0.4,3200,18,13720,79,0.7739386058041279,0.39055941959384066,34.23825979232788,79,14,4,0.5807559292378865,0.4628182570502075
0.71075,0.38391803712616385,0.4104645132063459,0.31174351919333904,0.7130265737825984,6,interpolation,drf_de_margin,0.5,4000,18,13720,79,0.7739386058041279,0.39055941959384066,34.23825979232788,79,14,4,0.5807559292378865,0.4628182570502075
0.563875,0.29591284215549996,0.2656286131524483,0.2368877252067866,0.6039463987747199,6,interpolation,drf_de_full,1.0,8000,18,13720,79,0.7739386058041279,0.39055941959384066,34.23825979232788,79,14,4,0.5807559292378865,0.4628182570502075
0.875,0.3222713864306785,0.7118595591405004,0.3185999185999186,0.8673867443098212,6,extrapolation,drf_de_margin,0.01,312,18,13720,79,0.7739386058041279,0.39055941959384066,34.23825979232788,79,14,4,0.5807559292378865,0.4628182570502075
0.9214743589743589,0.32665330661322645,0.7672519170607565,0.32461512027491407,0.9183530597409464,6,extrapolation,drf_de_margin,0.02,624,18,13720,79,0.7739386058041279,0.39055941959384066,34.23825979232788,79,14,4,0.5807559292378865,0.4628182570502075
0.9326923076923077,0.32864450127877237,0.7602036902571302,0.3253298213996904,0.9254398655417578,6,extrapolation,drf_de_margin,0.03,936,18,13720,79,0.7739386058041279,0.39055941959384066,34.23825979232788,79,14,4,0.5807559292378865,0.4628182570502075
0.9461538461538461,0.24640669870479986,0.7644722292984553,0.24371199334917204,0.9399123550540973,6,extrapolation,drf_de_margin,0.05,1560,18,13720,79,0.7739386058041279,0.39055941959384066,34.23825979232788,79,14,4,0.5807559292378865,0.4628182570502075
0.9575320512820513,0.2460061415430859,0.7705464172933414,0.22159975688556888,0.950946938771928,6,extrapolation,drf_de_margin,0.08,2496,18,13720,79,0.7739386058041279,0.39055941959384066,34.23825979232788,79,14,4,0.5807559292378865,0.4628182570502075
0.9580128205128206,0.23462886650386655,0.7605882091851064,0.23064959570696897,0.9513651723285518,6,extrapolation,drf_de_margin,0.1,3120,18,13720,79,0.7739386058041279,0.39055941959384066,34.23825979232788,79,14,4,0.5807559292378865,0.4628182570502075
0.9315705128205128,0.23633852668517488,0.6892836195381464,0.22834014680474155,0.9212389520961314,6,extrapolation,drf_de_margin,0.2,6240,18,13720,79,0.7739386058041279,0.39055941959384066,34.23825979232788,79,14,4,0.5807559292378865,0.4628182570502075
0.899465811965812,0.23853277979482498,0.6572945570954527,0.22817950702973747,0.8784161426945576,6,extrapolation,drf_de_margin,0.3,9360,18,13720,79,0.7739386058041279,0.39055941959384066,34.23825979232788,79,14,4,0.5807559292378865,0.4628182570502075
0.8705929487179487,0.23702565671213868,0.6436566015230307,0.22315180692184783,0.8421515394489327,6,extrapolation,drf_de_margin,0.4,12480,18,13720,79,0.7739386058041279,0.39055941959384066,34.23825979232788,79,14,4,0.5807559292378865,0.4628182570502075
0.8509615384615384,0.23805947206534753,0.6533778707763384,0.22585335102294046,0.819879240341932,6,extrapolation,drf_de_margin,0.5,15600,18,13720,79,0.7739386058041279,0.39055941959384066,34.23825979232788,79,14,4,0.5807559292378865,0.4628182570502075
0.661826923076923,0.19893408577564578,0.4589591203192574,0.1840949649217931,0.6378636335478174,6,extrapolation,drf_de_full,1.0,31200,18,13720,79,0.7739386058041279,0.39055941959384066,34.23825979232788,79,14,4,0.5807559292378865,0.4628182570502075
0.8125,0.4905660377358491,0.6793289197270949,0.39514563106796113,0.8232038834951456,7,interpolation,drf_de_margin,0.01,80,18,13720,76,0.7154963879336061,0.3797060646711808,37.07218289375305,76,12,7,0.7444558310971146,0.45673515536293713
0.9,0.4954545454545454,0.8032817093590149,0.43102918586789557,0.9017453917050691,7,interpolation,drf_de_margin,0.02,160,18,13720,76,0.7154963879336061,0.3797060646711808,37.07218289375305,76,12,7,0.7444558310971146,0.45673515536293713
0.9291666666666667,0.568922305764411,0.8506650880451446,0.5325703639630048,0.9276859183356622,7,interpolation,drf_de_margin,0.03,240,18,13720,76,0.7154963879336061,0.3797060646711808,37.07218289375305,76,12,7,0.7444558310971146,0.45673515536293713
0.9525,0.5695852534562212,0.8780711886574137,0.5254535265323105,0.9504274867009421,7,interpolation,drf_de_margin,0.05,400,18,13720,76,0.7154963879336061,0.3797060646711808,37.07218289375305,76,12,7,0.7444558310971146,0.45673515536293713
0.9546875,0.5694444444444444,0.8778821005736515,0.523291898370282,0.9488705670283176,7,interpolation,drf_de_margin,0.08,640,18,13720,76,0.7154963879336061,0.3797060646711808,37.07218289375305,76,12,7,0.7444558310971146,0.45673515536293713
0.94875,0.5660300483829895,0.8727155757408763,0.5173493256951903,0.9421822263993316,7,interpolation,drf_de_margin,0.1,800,18,13720,76,0.7154963879336061,0.3797060646711808,37.07218289375305,76,12,7,0.7444558310971146,0.45673515536293713
0.924375,0.5649320263840653,0.8481460933552147,0.5220418123625956,0.9126593925009558,7,interpolation,drf_de_margin,0.2,1600,18,13720,76,0.7154963879336061,0.3797060646711808,37.07218289375305,76,12,7,0.7444558310971146,0.45673515536293713
0.8816666666666667,0.5781361499341136,0.7920922788589984,0.4674575208639013,0.879381185815617,7,interpolation,drf_de_margin,0.3,2400,18,13720,76,0.7154963879336061,0.3797060646711808,37.07218289375305,76,12,7,0.7444558310971146,0.45673515536293713
0.82875,0.5597935342228354,0.717190820913126,0.4360071938335661,0.8298226083582584,7,interpolation,drf_de_margin,0.4,3200,18,13720,76,0.7154963879336061,0.3797060646711808,37.07218289375305,76,12,7,0.7444558310971146,0.45673515536293713
0.7715,0.5942639335721497,0.6390031406618677,0.40773454014336835,0.778021038460395,7,interpolation,drf_de_margin,0.5,4000,18,13720,76,0.7154963879336061,0.3797060646711808,37.07218289375305,76,12,7,0.7444558310971146,0.45673515536293713
0.53675,0.4359807255421099,0.3579563546712282,0.30753144115906367,0.5835347841131886,7,interpolation,drf_de_full,1.0,8000,18,13720,76,0.7154963879336061,0.3797060646711808,37.07218289375305,76,12,7,0.7444558310971146,0.45673515536293713
0.20512820512820512,0.20170454545454544,0.17429534012831424,0.10919259595730184,0.28465338318279493,7,extrapolation,drf_de_margin,0.01,312,18,13720,76,0.7154963879336061,0.3797060646711808,37.07218289375305,76,12,7,0.7444558310971146,0.45673515536293713
0.46474358974358976,0.23358456925196533,0.2929130395907731,0.13557191132240504,0.5812802926156367,7,extrapolation,drf_de_margin,0.02,624,18,13720,76,0.7154963879336061,0.3797060646711808,37.07218289375305,76,12,7,0.7444558310971146,0.45673515536293713
0.5876068376068376,0.26876962906374674,0.3738132909765957,0.2149078057378345,0.700416981042743,7,extrapolation,drf_de_margin,0.03,936,18,13720,76,0.7154963879336061,0.3797060646711808,37.07218289375305,76,12,7,0.7444558310971146,0.45673515536293713
0.7038461538461539,0.26890976786608617,0.520257168268644,0.25065761861624025,0.7862415968783993,7,extrapolation,drf_de_margin,0.05,1560,18,13720,76,0.7154963879336061,0.3797060646711808,37.07218289375305,76,12,7,0.7444558310971146,0.45673515536293713
0.7680288461538461,0.24920957759036624,0.5961617395692642,0.24331311971906383,0.8273350224608708,7,extrapolation,drf_de_margin,0.08,2496,18,13720,76,0.7154963879336061,0.3797060646711808,37.07218289375305,76,12,7,0.7444558310971146,0.45673515536293713
0.7855769230769231,0.27241601250672354,0.6143094133340988,0.2546385233916833,0.833058237464658,7,extrapolation,drf_de_margin,0.1,3120,18,13720,76,0.7154963879336061,0.3797060646711808,37.07218289375305,76,12,7,0.7444558310971146,0.45673515536293713
0.8344551282051282,0.2556679428452931,0.6525262104074584,0.2545242210099316,0.8570699857802089,7,extrapolation,drf_de_margin,0.2,6240,18,13720,76,0.7154963879336061,0.3797060646711808,37.07218289375305,76,12,7,0.7444558310971146,0.45673515536293713
0.8272435897435897,0.24879267496324028,0.6531866853683255,0.24673196061417074,0.8369062281700465,7,extrapolation,drf_de_margin,0.3,9360,18,13720,76,0.7154963879336061,0.3797060646711808,37.07218289375305,76,12,7,0.7444558310971146,0.45673515536293713
0.803125,0.21724748138701377,0.621575647682876,0.21411092990431302,0.8032893805777446,7,extrapolation,drf_de_margin,0.4,12480,18,13720,76,0.7154963879336061,0.3797060646711808,37.07218289375305,76,12,7,0.7444558310971146,0.45673515536293713
0.78,0.21524261606377995,0.5965773938616824,0.2086852196829061,0.7754487741185088,7,extrapolation,drf_de_margin,0.5,15600,18,13720,76,0.7154963879336061,0.3797060646711808,37.07218289375305,76,12,7,0.7444558310971146,0.45673515536293713
0.6071153846153846,0.1854749719151706,0.4088078718538612,0.1697396807240864,0.6093168484434232,7,extrapolation,drf_de_full,1.0,31200,18,13720,76,0.7154963879336061,0.3797060646711808,37.07218289375305,76,12,7,0.7444558310971146,0.45673515536293713
0.9625,0.6,0.8752149954781027,0.5784962406015037,0.9450469924812029,8,interpolation,drf_de_margin,0.01,80,18,13720,69,0.45460813956715507,0.3612466035469548,31.216182947158813,69,8,3,0.4833509618204267,0.3222518311514939
0.93125,0.5058823529411764,0.7473550052618145,0.5220259740259741,0.9160990259740259,8,interpolation,drf_de_margin,0.02,160,18,13720,69,0.45460813956715507,0.3612466035469548,31.216182947158813,69,8,3,0.4833509618204267,0.3222518311514939
0.9208333333333333,0.472,0.6652554992829905,0.492,0.9014166666666666,8,interpolation,drf_de_margin,0.03,240,18,13720,69,0.45460813956715507,0.3612466035469548,31.216182947158813,69,8,3,0.4833509618204267,0.3222518311514939
0.915,0.4486486486486487,0.5897082429087199,0.4661602209944752,0.8889554558011049,8,interpolation,drf_de_margin,0.05,400,18,13720,69,0.45460813956715507,0.3612466035469548,31.216182947158813,69,8,3,0.4833509618204267,0.3222518311514939
0.9265625,0.4322206102196063,0.6697151882210818,0.44849441779422206,0.9030174766601415,8,interpolation,drf_de_margin,0.08,640,18,13720,69,0.45460813956715507,0.3612466035469548,31.216182947158813,69,8,3,0.4833509618204267,0.3222518311514939
0.93,0.4253212773173309,0.7186112831309779,0.44238995084245414,0.9071850601472953,8,interpolation,drf_de_margin,0.1,800,18,13720,69,0.45460813956715507,0.3612466035469548,31.216182947158813,69,8,3,0.4833509618204267,0.3222518311514939
0.909375,0.29632720545289637,0.7661013197390439,0.2972565288429074,0.8748544843519475,8,interpolation,drf_de_margin,0.2,1600,18,13720,69,0.45460813956715507,0.3612466035469548,31.216182947158813,69,8,3,0.4833509618204267,0.3222518311514939
0.88125,0.3353505229012243,0.7067341012654517,0.3094263717053217,0.8433645652695755,8,interpolation,drf_de_margin,0.3,2400,18,13720,69,0.45460813956715507,0.3612466035469548,31.216182947158813,69,8,3,0.4833509618204267,0.3222518311514939
0.86875,0.34129707724808883,0.6835617002789748,0.30925259117440956,0.8286389350337592,8,interpolation,drf_de_margin,0.4,3200,18,13720,69,0.45460813956715507,0.3612466035469548,31.216182947158813,69,8,3,0.4833509618204267,0.3222518311514939
0.8385,0.2959862975839288,0.6306568678585257,0.3036176500171736,0.8002379116214786,8,interpolation,drf_de_margin,0.5,4000,18,13720,69,0.45460813956715507,0.3612466035469548,31.216182947158813,69,8,3,0.4833509618204267,0.3222518311514939
0.652375,0.2663146963626835,0.4102411619641323,0.2623515368580567,0.6617705845755131,8,interpolation,drf_de_full,1.0,8000,18,13720,69,0.45460813956715507,0.3612466035469548,31.216182947158813,69,8,3,0.4833509618204267,0.3222518311514939
0.5833333333333334,0.3424940707990513,0.5036770083292559,0.24644850428179235,0.6312583495586482,8,extrapolation,drf_de_margin,0.01,312,18,13720,69,0.45460813956715507,0.3612466035469548,31.216182947158813,69,8,3,0.4833509618204267,0.3222518311514939
0.6538461538461539,0.44141565698374474,0.5171857395011771,0.2586455532308872,0.6632828339364435,8,extrapolation,drf_de_margin,0.02,624,18,13720,69,0.45460813956715507,0.3612466035469548,31.216182947158813,69,8,3,0.4833509618204267,0.3222518311514939
0.6677350427350427,0.43576090479249496,0.5197216750020784,0.240245723491471,0.6593255071841381,8,extrapolation,drf_de_margin,0.03,936,18,13720,69,0.45460813956715507,0.3612466035469548,31.216182947158813,69,8,3,0.4833509618204267,0.3222518311514939
0.698076923076923,0.4400428419845895,0.5366853664254864,0.2800250098508867,0.6851898914032273,8,extrapolation,drf_de_margin,0.05,1560,18,13720,69,0.45460813956715507,0.3612466035469548,31.216182947158813,69,8,3,0.4833509618204267,0.3222518311514939
0.7247596153846154,0.40391156646604004,0.5909535130832421,0.2774163109077463,0.7195899444787498,8,extrapolation,drf_de_margin,0.08,2496,18,13720,69,0.45460813956715507,0.3612466035469548,31.216182947158813,69,8,3,0.4833509618204267,0.3222518311514939
0.7259615384615384,0.39215522311860496,0.6055338003790658,0.2774365997891334,0.7244412813395862,8,extrapolation,drf_de_margin,0.1,3120,18,13720,69,0.45460813956715507,0.3612466035469548,31.216182947158813,69,8,3,0.4833509618204267,0.3222518311514939
0.7161858974358974,0.3334707290991629,0.5945281336285683,0.24636323867643883,0.7328205511995489,8,extrapolation,drf_de_margin,0.2,6240,18,13720,69,0.45460813956715507,0.3612466035469548,31.216182947158813,69,8,3,0.4833509618204267,0.3222518311514939
0.675,0.323395503514543,0.5589531909419846,0.23985119218279405,0.6904398835883044,8,extrapolation,drf_de_margin,0.3,9360,18,13720,69,0.45460813956715507,0.3612466035469548,31.216182947158813,69,8,3,0.4833509618204267,0.3222518311514939
0.6486378205128205,0.2872529564757222,0.5223497164685118,0.21151301670415737,0.6628426468357542,8,extrapolation,drf_de_margin,0.4,12480,18,13720,69,0.45460813956715507,0.3612466035469548,31.216182947158813,69,8,3,0.4833509618204267,0.3222518311514939
0.6245512820512821,0.2722269676494099,0.4867091418258211,0.20227932167471227,0.6431626061309695,8,extrapolation,drf_de_margin,0.5,15600,18,13720,69,0.45460813956715507,0.3612466035469548,31.216182947158813,69,8,3,0.4833509618204267,0.3222518311514939
0.5246474358974359,0.23719916446478964,0.3603483963991856,0.18143582586828155,0.5603901347718186,8,extrapolation,drf_de_full,1.0,31200,18,13720,69,0.45460813956715507,0.3612466035469548,31.216182947158813,69,8,3,0.4833509618204267,0.3222518311514939
0.6375,0.3412698412698413,0.5435405142369918,0.30928614640048396,0.6312462189957653,9,interpolation,drf_de_margin,0.01,80,18,13720,16,0.38587292517242744,0.26031945326755357,27.84229564666748,47,6,2,0.39336238604661394,0.6139523871665715
0.79375,0.4035196687370601,0.7177365232865163,0.3475718794773185,0.7925971409796507,9,interpolation,drf_de_margin,0.02,160,18,13720,16,0.38587292517242744,0.26031945326755357,27.84229564666748,47,6,2,0.39336238604661394,0.6139523871665715
0.7958333333333333,0.40289768953825716,0.703941637980008,0.32910632279642804,0.7844628715081122,9,interpolation,drf_de_margin,0.03,240,18,13720,16,0.38587292517242744,0.26031945326755357,27.84229564666748,47,6,2,0.39336238604661394,0.6139523871665715
0.84,0.407241651364617,0.7225259981146562,0.3219838223662822,0.8324476284287704,9,interpolation,drf_de_margin,0.05,400,18,13720,16,0.38587292517242744,0.26031945326755357,27.84229564666748,47,6,2,0.39336238604661394,0.6139523871665715
0.8171875,0.40477446473578,0.6793543471576833,0.27211382902996184,0.812392913693943,9,interpolation,drf_de_margin,0.08,640,18,13720,16,0.38587292517242744,0.26031945326755357,27.84229564666748,47,6,2,0.39336238604661394,0.6139523871665715
0.81875,0.4037557008299694,0.6642552756492438,0.2735735456228343,0.8185144523021841,9,interpolation,drf_de_margin,0.1,800,18,13720,16,0.38587292517242744,0.26031945326755357,27.84229564666748,47,6,2,0.39336238604661394,0.6139523871665715
0.7125,0.441675966070895,0.5086495190622325,0.29816060030772085,0.748496350179452,9,interpolation,drf_de_margin,0.2,1600,18,13720,16,0.38587292517242744,0.26031945326755357,27.84229564666748,47,6,2,0.39336238604661394,0.6139523871665715
0.6183333333333333,0.38981082228433717,0.40110795927865694,0.2734601268049889,0.6742584523407131,9,interpolation,drf_de_margin,0.3,2400,18,13720,16,0.38587292517242744,0.26031945326755357,27.84229564666748,47,6,2,0.39336238604661394,0.6139523871665715
0.5825,0.32627949594668754,0.35758418523086,0.2558480985729278,0.6444242350637746,9,interpolation,drf_de_margin,0.4,3200,18,13720,16,0.38587292517242744,0.26031945326755357,27.84229564666748,47,6,2,0.39336238604661394,0.6139523871665715
0.55475,0.32589135738810954,0.3464692096001951,0.2536333913210719,0.6212530213382031,9,interpolation,drf_de_margin,0.5,4000,18,13720,16,0.38587292517242744,0.26031945326755357,27.84229564666748,47,6,2,0.39336238604661394,0.6139523871665715
0.41,0.33705447249721027,0.19748310457088553,0.1872315946197236,0.48915591179307494,9,interpolation,drf_de_full,1.0,8000,18,13720,16,0.38587292517242744,0.26031945326755357,27.84229564666748,47,6,2,0.39336238604661394,0.6139523871665715
0.0,0.0,0.0,0.0,0.0,9,extrapolation,drf_de_margin,0.01,312,18,13720,16,0.38587292517242744,0.26031945326755357,27.84229564666748,47,6,2,0.39336238604661394,0.6139523871665715
0.0016025641025641025,0.025,0.020724502883674407,0.027777777777777776,0.002003205128205128,9,extrapolation,drf_de_margin,0.02,624,18,13720,16,0.38587292517242744,0.26031945326755357,27.84229564666748,47,6,2,0.39336238604661394,0.6139523871665715
0.10897435897435898,0.09785058804666648,0.08690984279892751,0.06217891797774324,0.1702364921917738,9,extrapolation,drf_de_margin,0.03,936,18,13720,16,0.38587292517242744,0.26031945326755357,27.84229564666748,47,6,2,0.39336238604661394,0.6139523871665715
0.31474358974358974,0.11557678746495588,0.15867970785230842,0.0743147135869846,0.4206301277445473,9,extrapolation,drf_de_margin,0.05,1560,18,13720,16,0.38587292517242744,0.26031945326755357,27.84229564666748,47,6,2,0.39336238604661394,0.6139523871665715
0.47155448717948717,0.143617559948704,0.1857677662830959,0.08957873922800647,0.5671590643289707,9,extrapolation,drf_de_margin,0.08,2496,18,13720,16,0.38587292517242744,0.26031945326755357,27.84229564666748,47,6,2,0.39336238604661394,0.6139523871665715
0.5269230769230769,0.13108237703597372,0.19153359676130885,0.09114634081917168,0.6168224807785362,9,extrapolation,drf_de_margin,0.1,3120,18,13720,16,0.38587292517242744,0.26031945326755357,27.84229564666748,47,6,2,0.39336238604661394,0.6139523871665715
0.5317307692307692,0.2056518597592788,0.25320110681835695,0.17154752456326844,0.6243293136691508,9,extrapolation,drf_de_margin,0.2,6240,18,13720,16,0.38587292517242744,0.26031945326755357,27.84229564666748,47,6,2,0.39336238604661394,0.6139523871665715
0.5327991452991453,0.23784384509002346,0.3664472167263014,0.17909636699928255,0.5918301904667035,9,extrapolation,drf_de_margin,0.3,9360,18,13720,16,0.38587292517242744,0.26031945326755357,27.84229564666748,47,6,2,0.39336238604661394,0.6139523871665715
0.528525641025641,0.22343125774735292,0.37227901367485916,0.17001758130843406,0.5786842742395618,9,extrapolation,drf_de_margin,0.4,12480,18,13720,16,0.38587292517242744,0.26031945326755357,27.84229564666748,47,6,2,0.39336238604661394,0.6139523871665715
0.5016666666666667,0.21935793340109747,0.3518850732607686,0.15915216633828247,0.5506270953233392,9,extrapolation,drf_de_margin,0.5,15600,18,13720,16,0.38587292517242744,0.26031945326755357,27.84229564666748,47,6,2,0.39336238604661394,0.6139523871665715
0.45096153846153847,0.20406358823455661,0.2955545379162647,0.15671532020754167,0.5019949547362155,9,extrapolation,drf_de_full,1.0,31200,18,13720,16,0.38587292517242744,0.26031945326755357,27.84229564666748,47,6,2,0.39336238604661394,0.6139523871665715
0.9,0.4642857142857143,0.7842575019174277,0.3728571428571429,0.8871428571428572,42,interpolation,drf_de_margin,0.01,80,18,13720,29,0.6139686016358987,0.40091902497610843,35.28697896003723,84,10,2,0.6573693210604862,0.8863200093795556
0.9125,0.36,0.7585030113504742,0.36507936507936506,0.8990079365079365,42,interpolation,drf_de_margin,0.02,160,18,13720,29,0.6139686016358987,0.40091902497610843,35.28697896003723,84,10,2,0.6573693210604862,0.8863200093795556
0.9125,0.3571428571428571,0.7478398509871731,0.36134448226856597,0.898944046005883,42,interpolation,drf_de_margin,0.03,240,18,13720,29,0.6139686016358987,0.40091902497610843,35.28697896003723,84,10,2,0.6573693210604862,0.8863200093795556
0.9325,0.4754540102350437,0.807589138744859,0.4225042861395998,0.9233425921648342,42,interpolation,drf_de_margin,0.05,400,18,13720,29,0.6139686016358987,0.40091902497610843,35.28697896003723,84,10,2,0.6573693210604862,0.8863200093795556
0.925,0.45875635969999223,0.805992481211071,0.417192762350842,0.9112878810848108,42,interpolation,drf_de_margin,0.08,640,18,13720,29,0.6139686016358987,0.40091902497610843,35.28697896003723,84,10,2,0.6573693210604862,0.8863200093795556
0.92,0.44323770981521565,0.8004065126661748,0.41473577905113174,0.9025318118948823,42,interpolation,drf_de_margin,0.1,800,18,13720,29,0.6139686016358987,0.40091902497610843,35.28697896003723,84,10,2,0.6573693210604862,0.8863200093795556
0.815625,0.3692296132452055,0.6176229200723757,0.35446702457471674,0.8148678812787001,42,interpolation,drf_de_margin,0.2,1600,18,13720,29,0.6139686016358987,0.40091902497610843,35.28697896003723,84,10,2,0.6573693210604862,0.8863200093795556
0.7304166666666667,0.3808915551156183,0.5309372009338051,0.3628148754210999,0.7461014794484923,42,interpolation,drf_de_margin,0.3,2400,18,13720,29,0.6139686016358987,0.40091902497610843,35.28697896003723,84,10,2,0.6573693210604862,0.8863200093795556
0.664375,0.359479640737087,0.4607725405072509,0.33465625791919207,0.6974249017208181,42,interpolation,drf_de_margin,0.4,3200,18,13720,29,0.6139686016358987,0.40091902497610843,35.28697896003723,84,10,2,0.6573693210604862,0.8863200093795556
0.62675,0.35563195143345094,0.42515712938736006,0.3194159018981453,0.6649012365918654,42,interpolation,drf_de_margin,0.5,4000,18,13720,29,0.6139686016358987,0.40091902497610843,35.28697896003723,84,10,2,0.6573693210604862,0.8863200093795556
0.498625,0.34026124091270005,0.2788025412611135,0.25539742547255023,0.5536490430589082,42,interpolation,drf_de_full,1.0,8000,18,13720,29,0.6139686016358987,0.40091902497610843,35.28697896003723,84,10,2,0.6573693210604862,0.8863200093795556
0.9775641025641025,0.6,0.599363074141755,0.6257982120051085,0.9678995972099421,42,extrapolation,drf_de_margin,0.01,312,18,13720,29,0.6139686016358987,0.40091902497610843,35.28697896003723,84,10,2,0.6573693210604862,0.8863200093795556
0.9711538461538461,0.5833333333333334,0.49702936875490705,0.6141215106732348,0.9583175445244411,42,extrapolation,drf_de_margin,0.02,624,18,13720,29,0.6139686016358987,0.40091902497610843,35.28697896003723,84,10,2,0.6573693210604862,0.8863200093795556
0.9668803418803419,0.57120232708468,0.6328297360712128,0.522333029289551,0.9530042622433926,42,extrapolation,drf_de_margin,0.03,936,18,13720,29,0.6139686016358987,0.40091902497610843,35.28697896003723,84,10,2,0.6573693210604862,0.8863200093795556
0.9044871794871795,0.47408025998949904,0.4275511901404935,0.3220308667952289,0.9134389821037341,42,extrapolation,drf_de_margin,0.05,1560,18,13720,29,0.6139686016358987,0.40091902497610843,35.28697896003723,84,10,2,0.6573693210604862,0.8863200093795556
0.9006410256410257,0.33305388607933695,0.6883651545885244,0.28079853839867686,0.91089689356245,42,extrapolation,drf_de_margin,0.08,2496,18,13720,29,0.6139686016358987,0.40091902497610843,35.28697896003723,84,10,2,0.6573693210604862,0.8863200093795556
0.9009615384615385,0.329163121185737,0.7320061341901613,0.2983683683586765,0.9048266095187081,42,extrapolation,drf_de_margin,0.1,3120,18,13720,29,0.6139686016358987,0.40091902497610843,35.28697896003723,84,10,2,0.6573693210604862,0.8863200093795556
0.86875,0.34837858561241736,0.7466087932639329,0.2831133003026131,0.8549423059276485,42,extrapolation,drf_de_margin,0.2,6240,18,13720,29,0.6139686016358987,0.40091902497610843,35.28697896003723,84,10,2,0.6573693210604862,0.8863200093795556
0.8316239316239317,0.28076379604123414,0.7012661969962151,0.23896649878432086,0.8123021870467235,42,extrapolation,drf_de_margin,0.3,9360,18,13720,29,0.6139686016358987,0.40091902497610843,35.28697896003723,84,10,2,0.6573693210604862,0.8863200093795556
0.8008012820512821,0.27269696691153933,0.6583282936903149,0.23468904108948632,0.7862403672141353,42,extrapolation,drf_de_margin,0.4,12480,18,13720,29,0.6139686016358987,0.40091902497610843,35.28697896003723,84,10,2,0.6573693210604862,0.8863200093795556
0.7652564102564102,0.27512409734023124,0.6075941043670231,0.2321875216990901,0.7534516784988611,42,extrapolation,drf_de_margin,0.5,15600,18,13720,29,0.6139686016358987,0.40091902497610843,35.28697896003723,84,10,2,0.6573693210604862,0.8863200093795556
0.5777884615384615,0.220640197865098,0.3923915718188687,0.18809375426485464,0.5978708389904461,42,extrapolation,drf_de_full,1.0,31200,18,13720,29,0.6139686016358987,0.40091902497610843,35.28697896003723,84,10,2,0.6573693210604862,0.8863200093795556
