Accuracy,Balanced Accuracy,MCC,F1_macro,F1_weighted,seed,split,method,coverage,kept_rows,n_features,knn,train_time
1.0,1.0,0.0,1.0,1.0,0,interpolation,graph_feature_margin,0.01,80,62,8,1.7398779392242432
1.0,1.0,0.0,1.0,1.0,0,interpolation,graph_feature_margin,0.02,160,62,8,1.7398779392242432
1.0,1.0,0.0,1.0,1.0,0,interpolation,graph_feature_margin,0.03,240,62,8,1.7398779392242432
0.985,0.2,0.0,0.19848866498740553,0.9775566750629723,0,interpolation,graph_feature_margin,0.05,400,62,8,1.7398779392242432
0.98125,0.27777777777777773,0.37626832627376317,0.2984177215189873,0.972589003164557,0,interpolation,graph_feature_margin,0.08,640,62,8,1.7398779392242432
0.975,0.2619047619047619,0.40539620384881814,0.2857583468270491,0.9640226694425169,0,interpolation,graph_feature_margin,0.1,800,62,8,1.7398779392242432
0.96875,0.3068181818181818,0.6449597695474784,0.31622089507510687,0.9553774392348567,0,interpolation,graph_feature_margin,0.2,1600,62,8,1.7398779392242432
0.9308333333333333,0.44039701391245334,0.6456835888873068,0.4920909758548135,0.9019909990583422,0,interpolation,graph_feature_margin,0.3,2400,62,8,1.7398779392242432
0.8809375,0.5184610242300558,0.6478944568965279,0.5534821090600152,0.8390208939688639,0,interpolation,graph_feature_margin,0.4,3200,62,8,1.7398779392242432
0.83625,0.44481709929216845,0.589826198313717,0.48784681886635894,0.80518249893422,0,interpolation,graph_feature_margin,0.5,4000,62,8,1.7398779392242432
0.635875,0.39890515799666176,0.3829643667266029,0.3824970816350362,0.6347650221198721,0,interpolation,graph_feature_full,1.0,8000,62,8,1.7398779392242432
0.8676470588235294,0.2,0.0,0.1858267716535433,0.8061602593793422,0,extrapolation,graph_feature_margin,0.01,272,62,8,1.7398779392242432
0.8988970588235294,0.2,0.0,0.189351403678606,0.8510370992540288,0,extrapolation,graph_feature_margin,0.02,544,62,8,1.7398779392242432
0.9142156862745098,0.16666666666666666,0.0,0.15919760990183526,0.8732457131380081,0,extrapolation,graph_feature_margin,0.03,816,62,8,1.7398779392242432
0.9235294117647059,0.16666666666666666,0.0,0.1600407747196738,0.8868141752113688,0,extrapolation,graph_feature_margin,0.05,1360,62,8,1.7398779392242432
0.9181985294117647,0.14857142857142858,0.07328067559214659,0.14775109837430067,0.879467048015644,0,extrapolation,graph_feature_margin,0.08,2176,62,8,1.7398779392242432
0.9205882352941176,0.14809109657352468,0.045041355894893026,0.146800293566627,0.8831941027312283,0,extrapolation,graph_feature_margin,0.1,2720,62,8,1.7398779392242432
0.924264705882353,0.13965610138918172,0.11991816681203511,0.1457137389973211,0.8893364062042727,0,extrapolation,graph_feature_margin,0.2,5440,62,8,1.7398779392242432
0.9177696078431372,0.20175545849073573,0.31483036081545,0.23149153842345707,0.8841934676807253,0,extrapolation,graph_feature_margin,0.3,8160,62,8,1.7398779392242432
0.9004595588235295,0.22901116056728496,0.4620746307938754,0.25845763326442206,0.8643582912196955,0,extrapolation,graph_feature_margin,0.4,10880,62,8,1.7398779392242432
0.8549264705882353,0.23108084498317677,0.5689852625480493,0.23622050644116221,0.8080761331019911,0,extrapolation,graph_feature_margin,0.5,13600,62,8,1.7398779392242432
0.6135294117647059,0.20578650850906643,0.37545215570044094,0.17883124688133212,0.5936937659879037,0,extrapolation,graph_feature_full,1.0,27200,62,8,1.7398779392242432
0.9875,0.6666666666666666,0.8897142494264949,0.6644591611479028,0.9812913907284768,1,interpolation,graph_feature_margin,0.01,80,62,8,1.958878755569458
0.95625,0.48958333333333337,0.8560332323460619,0.4839442355889724,0.9379229323308269,1,interpolation,graph_feature_margin,0.02,160,62,8,1.958878755569458
0.9458333333333333,0.3823076923076923,0.8189483309604296,0.37991549295774646,0.9275616197183099,1,interpolation,graph_feature_margin,0.03,240,62,8,1.958878755569458
0.9475,0.27542385687086346,0.8232136138091748,0.2739310963977107,0.9280400628436763,1,interpolation,graph_feature_margin,0.05,400,62,8,1.958878755569458
0.95625,0.2790940031926749,0.8478817776857929,0.27668215947773583,0.9387029246691059,1,interpolation,graph_feature_margin,0.08,640,62,8,1.958878755569458
0.95,0.2789437671931074,0.8276733394284355,0.2758710887688488,0.9293240598087676,1,interpolation,graph_feature_margin,0.1,800,62,8,1.958878755569458
0.935,0.283862635209618,0.7910367274497574,0.3095516907341997,0.9134126633666795,1,interpolation,graph_feature_margin,0.2,1600,62,8,1.958878755569458
0.9004166666666666,0.2816243022453166,0.7062946930811858,0.3093328424513567,0.8728201169215879,1,interpolation,graph_feature_margin,0.3,2400,62,8,1.958878755569458
0.85625,0.28110928950749037,0.6267316701880137,0.310541105118291,0.8237144612252032,1,interpolation,graph_feature_margin,0.4,3200,62,8,1.958878755569458
0.81525,0.30344811414903405,0.582477006972223,0.3307295301992541,0.7915116710578217,1,interpolation,graph_feature_margin,0.5,4000,62,8,1.958878755569458
0.621625,0.33753478357514966,0.36115044882926145,0.33413240735431166,0.6381459700954853,1,interpolation,graph_feature_full,1.0,8000,62,8,1.958878755569458
0.9595588235294118,0.25,0.0,0.2448405253283302,0.9397555457455027,1,extrapolation,graph_feature_margin,0.01,272,62,8,1.958878755569458
0.9558823529411765,0.4,0.1985947122723342,0.3954802259887006,0.9343220338983051,1,extrapolation,graph_feature_margin,0.02,544,62,8,1.958878755569458
0.9583333333333334,0.4,0.1678849661249277,0.39573934837092734,0.9379438178780285,1,extrapolation,graph_feature_margin,0.03,816,62,8,1.958878755569458
0.9573529411764706,0.25,0.18077988500404865,0.27563581640331075,0.937377063692294,1,extrapolation,graph_feature_margin,0.05,1360,62,8,1.958878755569458
0.9540441176470589,0.19999999999999998,0.26894897546714314,0.22111734212098438,0.9331842510375253,1,extrapolation,graph_feature_margin,0.08,2176,62,8,1.958878755569458
0.9566176470588236,0.1978021978021978,0.27626534612524795,0.21904282900133523,0.9370432109723055,1,extrapolation,graph_feature_margin,0.1,2720,62,8,1.958878755569458
0.9308823529411765,0.1666417066027689,0.3504765646277248,0.18143186054837476,0.9030145002799461,1,extrapolation,graph_feature_margin,0.2,5440,62,8,1.958878755569458
0.9079656862745098,0.16129208294688344,0.4827304518217588,0.17185809816734737,0.8738488924239698,1,extrapolation,graph_feature_margin,0.3,8160,62,8,1.958878755569458
0.8787683823529412,0.18122286049137126,0.5414786737622841,0.19481663817417363,0.8345580284650346,1,extrapolation,graph_feature_margin,0.4,10880,62,8,1.958878755569458
0.8102205882352941,0.1909324823400321,0.5082938616025106,0.18213846196215425,0.7476771379655026,1,extrapolation,graph_feature_margin,0.5,13600,62,8,1.958878755569458
0.6036397058823529,0.19421099232786754,0.3657373753835388,0.15617697199023775,0.5790284171611711,1,extrapolation,graph_feature_full,1.0,27200,62,8,1.958878755569458
0.9875,0.5,0.0,0.4968553459119497,0.9812893081761006,2,interpolation,graph_feature_margin,0.01,80,62,8,1.727320671081543
0.99375,0.5,0.0,0.49843260188087773,0.9906347962382445,2,interpolation,graph_feature_margin,0.02,160,62,8,1.727320671081543
0.9833333333333333,0.6666666666666666,0.4464702165707254,0.6638537271448665,0.975070323488045,2,interpolation,graph_feature_margin,0.03,240,62,8,1.727320671081543
0.9825,0.5,0.4700891072994813,0.4977820025348543,0.97382762991128,2,interpolation,graph_feature_margin,0.05,400,62,8,1.727320671081543
0.9546875,0.27272727272727276,0.5008797704490647,0.27554612421735547,0.9333090354338325,2,interpolation,graph_feature_margin,0.08,640,62,8,1.727320671081543
0.94,0.28044871794871795,0.49350546750998137,0.28373756973077857,0.9127397071307302,2,interpolation,graph_feature_margin,0.1,800,62,8,1.727320671081543
0.914375,0.25852981969486827,0.46991579078940776,0.2646734377798615,0.8769001055571946,2,interpolation,graph_feature_margin,0.2,1600,62,8,1.727320671081543
0.9066666666666666,0.26923514658621467,0.5564885209043027,0.2698171670896825,0.866089302744064,2,interpolation,graph_feature_margin,0.3,2400,62,8,1.727320671081543
0.8721875,0.28484397418822566,0.5228218115963558,0.29264568358586335,0.8380331349564365,2,interpolation,graph_feature_margin,0.4,3200,62,8,1.727320671081543
0.824,0.3836651077161083,0.4779795307952572,0.4157400787321754,0.8033805123365254,2,interpolation,graph_feature_margin,0.5,4000,62,8,1.727320671081543
0.632875,0.3394712327979858,0.3634486511049493,0.33736007859120754,0.6523347214144356,2,interpolation,graph_feature_full,1.0,8000,62,8,1.727320671081543
0.9852941176470589,0.5,0.0,0.4962962962962963,0.9779956427015251,2,extrapolation,graph_feature_margin,0.01,272,62,8,1.727320671081543
0.9816176470588235,0.3333333333333333,0.0,0.3302411873840445,0.9725117319655135,2,extrapolation,graph_feature_margin,0.02,544,62,8,1.727320671081543
0.9791666666666666,0.2,0.0,0.19789473684210526,0.968859649122807,2,extrapolation,graph_feature_margin,0.03,816,62,8,1.727320671081543
0.9625,0.16483516483516483,0.19224047242879286,0.17821852943804162,0.945187249383806,2,extrapolation,graph_feature_margin,0.05,1360,62,8,1.727320671081543
0.9480698529411765,0.15,0.23765833465585492,0.16332347140039447,0.9249438377421975,2,extrapolation,graph_feature_margin,0.08,2176,62,8,1.727320671081543
0.9419117647058823,0.1556122448979592,0.26090710161183256,0.17042414681141616,0.9164163952032682,2,extrapolation,graph_feature_margin,0.1,2720,62,8,1.727320671081543
0.9240808823529412,0.15734265734265734,0.27941503861132255,0.17144470642329368,0.8918046185408691,2,extrapolation,graph_feature_margin,0.2,5440,62,8,1.727320671081543
0.9149509803921568,0.1960905119300997,0.35193675219241627,0.22547111675781548,0.8804557329502775,2,extrapolation,graph_feature_margin,0.3,8160,62,8,1.727320671081543
0.8873161764705882,0.21638035970244263,0.4634094788531685,0.2491267105708759,0.8455210653268254,2,extrapolation,graph_feature_margin,0.4,10880,62,8,1.727320671081543
0.8453676470588235,0.23942596170672512,0.566818308121598,0.2571305216357986,0.79390852073509,2,extrapolation,graph_feature_margin,0.5,13600,62,8,1.727320671081543
0.64375,0.23911576439520169,0.4217319577606891,0.20048233499955684,0.6210796887890707,2,extrapolation,graph_feature_full,1.0,27200,62,8,1.727320671081543
1.0,1.0,0.0,1.0,1.0,3,interpolation,graph_feature_margin,0.01,80,62,8,1.7360749244689941
1.0,1.0,0.0,1.0,1.0,3,interpolation,graph_feature_margin,0.02,160,62,8,1.7360749244689941
0.9875,0.5,0.0,0.4968553459119497,0.9812893081761006,3,interpolation,graph_feature_margin,0.03,240,62,8,1.7360749244689941
0.985,0.6666666666666666,0.671868491185451,0.6641156462585034,0.9775573979591836,3,interpolation,graph_feature_margin,0.05,400,62,8,1.7360749244689941
0.96875,0.3148148148148148,0.5329048669928901,0.30460208492245106,0.954233409610984,3,interpolation,graph_feature_margin,0.08,640,62,8,1.7360749244689941
0.9575,0.324777183600713,0.5837581271858436,0.31396534148827726,0.938012232415902,3,interpolation,graph_feature_margin,0.1,800,62,8,1.7360749244689941
0.91375,0.2772097098183454,0.6241402486967423,0.2636693595597705,0.8757540100690785,3,interpolation,graph_feature_margin,0.2,1600,62,8,1.7360749244689941
0.89375,0.2679889936858341,0.6795688469093145,0.2766869583384433,0.8495593386370045,3,interpolation,graph_feature_margin,0.3,2400,62,8,1.7360749244689941
0.8796875,0.2659130611290441,0.679665525908008,0.2745006289182734,0.8333280595737651,3,interpolation,graph_feature_margin,0.4,3200,62,8,1.7360749244689941
0.847,0.2944338456302667,0.6266644297698355,0.3165747662463754,0.8078241501835732,3,interpolation,graph_feature_margin,0.5,4000,62,8,1.7360749244689941
0.634625,0.32957728964536187,0.3650743344819404,0.3271785080441891,0.638423897905489,3,interpolation,graph_feature_full,1.0,8000,62,8,1.7360749244689941
0.9044117647058824,0.3636363636363636,0.18649578060254693,0.37209302325581395,0.8620896032831737,3,extrapolation,graph_feature_margin,0.01,272,62,8,1.7360749244689941
0.9283088235294118,0.22857142857142856,0.21624147733444357,0.2425358851674641,0.8965583661694343,3,extrapolation,graph_feature_margin,0.02,544,62,8,1.7360749244689941
0.9313725490196079,0.16326530612244897,0.18243025344983468,0.17348237004725556,0.9001194307239435,3,extrapolation,graph_feature_margin,0.03,816,62,8,1.7360749244689941
0.9411764705882353,0.18181818181818182,0.25984530776478765,0.19973286118100209,0.9151810495887852,3,extrapolation,graph_feature_margin,0.05,1360,62,8,1.7360749244689941
0.9388786764705882,0.2647058823529412,0.29355890856056777,0.30809803779245604,0.9120780389168078,3,extrapolation,graph_feature_margin,0.08,2176,62,8,1.7360749244689941
0.9352941176470588,0.284472049689441,0.3139885584940538,0.3396134557122306,0.9073497401100913,3,extrapolation,graph_feature_margin,0.1,2720,62,8,1.7360749244689941
0.9277573529411764,0.26532612664744143,0.46646547185548204,0.3075283213716729,0.8989938548629484,3,extrapolation,graph_feature_margin,0.2,5440,62,8,1.7360749244689941
0.9105392156862745,0.22820192656181687,0.5417769999725492,0.2526630037313651,0.8767746321332377,3,extrapolation,graph_feature_margin,0.3,8160,62,8,1.7360749244689941
0.8728860294117647,0.2129526342952276,0.5920121152970044,0.22379237204342262,0.8297194147930023,3,extrapolation,graph_feature_margin,0.4,10880,62,8,1.7360749244689941
0.8019117647058823,0.20872731047259552,0.5575227684720753,0.18488289053866014,0.7427147012509058,3,extrapolation,graph_feature_margin,0.5,13600,62,8,1.7360749244689941
0.6236764705882353,0.21419529399463885,0.39619121617371283,0.18388429437707463,0.6034181809340853,3,extrapolation,graph_feature_full,1.0,27200,62,8,1.7360749244689941
0.9875,0.6666666666666666,0.7048655496177798,0.6645435244161358,0.9812898089171975,4,interpolation,graph_feature_margin,0.01,80,62,8,1.7871065139770508
0.9375,0.5,0.7749342451735586,0.4909420289855072,0.9073822463768115,4,interpolation,graph_feature_margin,0.02,160,62,8,1.7871065139770508
0.95,0.5,0.8231485538731965,0.4890389954829887,0.92565165140276,4,interpolation,graph_feature_margin,0.03,240,62,8,1.7871065139770508
0.9325,0.5,0.7821422754130414,0.4878308305608009,0.9000163354614393,4,interpolation,graph_feature_margin,0.05,400,62,8,1.7871065139770508
0.925,0.4941860465116279,0.7736142460741222,0.483357421276223,0.8906191148775895,4,interpolation,graph_feature_margin,0.08,640,62,8,1.7871065139770508
0.92,0.32716049382716045,0.761105251217214,0.32023402076934326,0.8842348398420361,4,interpolation,graph_feature_margin,0.1,800,62,8,1.7871065139770508
0.904375,0.32381179256179254,0.7194030991157874,0.3257279743701762,0.871724252948886,4,interpolation,graph_feature_margin,0.2,1600,62,8,1.7871065139770508
0.865,0.2895943863342567,0.6260893292056898,0.2927277084170615,0.8483693637666573,4,interpolation,graph_feature_margin,0.3,2400,62,8,1.7871065139770508
0.78125,0.3145368291428137,0.5303409162130207,0.3073204567153271,0.7853340088849055,4,interpolation,graph_feature_margin,0.4,3200,62,8,1.7871065139770508
0.7095,0.3179743152452204,0.47084537030994306,0.3262729363662911,0.7253410774989747,4,interpolation,graph_feature_margin,0.5,4000,62,8,1.7871065139770508
0.553375,0.27604499164797525,0.2994868086654064,0.2583314356267086,0.5830484966883668,4,interpolation,graph_feature_full,1.0,8000,62,8,1.7871065139770508
0.9669117647058824,0.6,0.7366906063175351,0.5722602739726027,0.951003475020145,4,extrapolation,graph_feature_margin,0.01,272,62,8,1.7871065139770508
0.9577205882352942,0.42083333333333334,0.6089027566091795,0.4343472952168605,0.940143967285911,4,extrapolation,graph_feature_margin,0.02,544,62,8,1.7871065139770508
0.9558823529411765,0.36796536796536794,0.5496081280940285,0.37825689313748095,0.9364402644651916,4,extrapolation,graph_feature_margin,0.03,816,62,8,1.7871065139770508
0.9573529411764706,0.2926587301587302,0.5101574461507774,0.3134637693461223,0.9396055005484072,4,extrapolation,graph_feature_margin,0.05,1360,62,8,1.7871065139770508
0.9434742647058824,0.29273504273504275,0.4690012245203419,0.31155295705502106,0.919698720900351,4,extrapolation,graph_feature_margin,0.08,2176,62,8,1.7871065139770508
0.9378676470588235,0.28617021276595744,0.4262979119532836,0.30457526376914357,0.9113912862006007,4,extrapolation,graph_feature_margin,0.1,2720,62,8,1.7871065139770508
0.9207720588235294,0.25018382352941176,0.3469616963652998,0.275512629863193,0.8873532620213598,4,extrapolation,graph_feature_margin,0.2,5440,62,8,1.7871065139770508
0.9084558823529412,0.24458466096483872,0.38828966594176206,0.2707871932466882,0.8719012707174094,4,extrapolation,graph_feature_margin,0.3,8160,62,8,1.7871065139770508
0.8953125,0.20280988496286279,0.502022654949302,0.21106401575364453,0.8569652733313953,4,extrapolation,graph_feature_margin,0.4,10880,62,8,1.7871065139770508
0.8521323529411765,0.23342976498931264,0.5825111381237112,0.22992404868601246,0.8050264644795615,4,extrapolation,graph_feature_margin,0.5,13600,62,8,1.7871065139770508
0.6324632352941176,0.23480745180113513,0.40909170677212836,0.2012996745535688,0.6120857116369611,4,extrapolation,graph_feature_full,1.0,27200,62,8,1.7871065139770508
0.9625,0.5,0.4936303131655808,0.5491039426523298,0.9482795698924731,5,interpolation,graph_feature_margin,0.01,80,62,8,1.6896445751190186
0.96875,0.375,0.4043785510862518,0.4126730564430245,0.955457933972311,5,interpolation,graph_feature_margin,0.02,160,62,8,1.6896445751190186
0.9583333333333334,0.4,0.4740279461663456,0.43211206896551724,0.9410739942528735,5,interpolation,graph_feature_margin,0.03,240,62,8,1.6896445751190186
0.9425,0.2857142857142857,0.33452936897091834,0.31403372243839167,0.9176076523994812,5,interpolation,graph_feature_margin,0.05,400,62,8,1.6896445751190186
0.9328125,0.25,0.3172892518945705,0.2719369736484651,0.9030002037489812,5,interpolation,graph_feature_margin,0.08,640,62,8,1.6896445751190186
0.9325,0.34117647058823525,0.43281858298282605,0.38693609022556386,0.9039668703007518,5,interpolation,graph_feature_margin,0.1,800,62,8,1.6896445751190186
0.9125,0.3572114110650646,0.4539359284752402,0.4101547791267737,0.8806478403465305,5,interpolation,graph_feature_margin,0.2,1600,62,8,1.6896445751190186
0.8979166666666667,0.3752298997791495,0.5047845579766626,0.4279389022019776,0.8705505373666207,5,interpolation,graph_feature_margin,0.3,2400,62,8,1.6896445751190186
0.8846875,0.4783679499248601,0.6003955809572025,0.530290181948175,0.8687703566263414,5,interpolation,graph_feature_margin,0.4,3200,62,8,1.6896445751190186
0.85575,0.5259083513657591,0.6036425623820217,0.5597717625901524,0.8478143041218104,5,interpolation,graph_feature_margin,0.5,4000,62,8,1.6896445751190186
0.6515,0.40396715098596414,0.4115754298536445,0.38312020789942647,0.6699740101253696,5,interpolation,graph_feature_full,1.0,8000,62,8,1.6896445751190186
0.9632352941176471,0.45,0.5297304245149967,0.4674693705111956,0.9468364024950918,5,extrapolation,graph_feature_margin,0.01,272,62,8,1.6896445751190186
0.9669117647058824,0.2916666666666667,0.49535090916773045,0.30668827077144656,0.9522247462311957,5,extrapolation,graph_feature_margin,0.02,544,62,8,1.6896445751190186
0.9607843137254902,0.25438596491228066,0.48092548613839203,0.2782336679761385,0.9453768368980068,5,extrapolation,graph_feature_margin,0.03,816,62,8,1.6896445751190186
0.9463235294117647,0.20816326530612245,0.4159300270770786,0.22850501577303964,0.9246174364470792,5,extrapolation,graph_feature_margin,0.05,1360,62,8,1.6896445751190186
0.9329044117647058,0.1946169772256729,0.37296237455445475,0.21382642299849924,0.9059129654142389,5,extrapolation,graph_feature_margin,0.08,2176,62,8,1.6896445751190186
0.9290441176470589,0.18888888888888888,0.3519479834177468,0.20717155623089473,0.9003510196433442,5,extrapolation,graph_feature_margin,0.1,2720,62,8,1.6896445751190186
0.9240808823529412,0.17246160639053734,0.3462381884302027,0.19198665398674214,0.8933437658416415,5,extrapolation,graph_feature_margin,0.2,5440,62,8,1.6896445751190186
0.9094362745098039,0.23383064094502742,0.4474692267593143,0.2627616721695869,0.87569529247587,5,extrapolation,graph_feature_margin,0.3,8160,62,8,1.6896445751190186
0.8805147058823529,0.3158023934017501,0.5858464001892247,0.3177144843701292,0.8442224136257361,5,extrapolation,graph_feature_margin,0.4,10880,62,8,1.6896445751190186
0.8210294117647059,0.2926644841747201,0.5852981764875083,0.2610058657305123,0.7750309224076217,5,extrapolation,graph_feature_margin,0.5,13600,62,8,1.6896445751190186
0.6408823529411765,0.24593889694429347,0.42601863750723457,0.20788502288950542,0.6255140463192362,5,extrapolation,graph_feature_full,1.0,27200,62,8,1.6896445751190186
0.8625,0.375,0.2892291027842398,0.3578767123287671,0.8042808219178081,6,interpolation,graph_feature_margin,0.01,80,62,8,1.7568178176879883
0.86875,0.41666666666666663,0.289780420890087,0.39965986394557823,0.8105017006802722,6,interpolation,graph_feature_margin,0.02,160,62,8,1.7568178176879883
0.8916666666666667,0.41666666666666663,0.2652343562891794,0.40274684484038603,0.8424832962138085,6,interpolation,graph_feature_margin,0.03,240,62,8,1.7568178176879883
0.8975,0.31666666666666665,0.41671212080546005,0.2944485505461116,0.85040034491254,6,interpolation,graph_feature_margin,0.05,400,62,8,1.7568178176879883
0.90625,0.3148148148148148,0.45128970677298313,0.2923857868020305,0.863489847715736,6,interpolation,graph_feature_margin,0.08,640,62,8,1.7568178176879883
0.89375,0.24571428571428572,0.41140806270691577,0.23259859192402188,0.8479946247607794,6,interpolation,graph_feature_margin,0.1,800,62,8,1.7568178176879883
0.8975,0.22722365512159176,0.5541150059846234,0.2144551004042355,0.8558104143822725,6,interpolation,graph_feature_margin,0.2,1600,62,8,1.7568178176879883
0.8958333333333334,0.23060028800214682,0.6145850232136658,0.21972384223470393,0.8550695151161299,6,interpolation,graph_feature_margin,0.3,2400,62,8,1.7568178176879883
0.880625,0.27272669025149904,0.6041977685470517,0.28670659552055056,0.8448622720397342,6,interpolation,graph_feature_margin,0.4,3200,62,8,1.7568178176879883
0.85225,0.28725399481064384,0.5989798292435231,0.31365243126050757,0.8271962239004739,6,interpolation,graph_feature_margin,0.5,4000,62,8,1.7568178176879883
0.658125,0.33019770758961403,0.406414985959601,0.30525208906121326,0.6702834719305796,6,interpolation,graph_feature_full,1.0,8000,62,8,1.7568178176879883
0.9227941176470589,0.6666666666666666,0.3514216892610484,0.6898452611218568,0.8872297758561839,6,extrapolation,graph_feature_margin,0.01,272,62,8,1.7568178176879883
0.9448529411764706,0.6153846153846154,0.5432218477345645,0.6506272949816401,0.9221444353445172,6,extrapolation,graph_feature_margin,0.02,544,62,8,1.7568178176879883
0.9399509803921569,0.5166666666666667,0.6457891344846807,0.5367470541583372,0.9153906550902342,6,extrapolation,graph_feature_margin,0.03,816,62,8,1.7568178176879883
0.9419117647058823,0.4366666666666667,0.6633925064618424,0.45115672003164803,0.9191043174608555,6,extrapolation,graph_feature_margin,0.05,1360,62,8,1.7568178176879883
0.9361213235294118,0.4242050015436863,0.6041846166778796,0.43982613958350525,0.9111598101112195,6,extrapolation,graph_feature_margin,0.08,2176,62,8,1.7568178176879883
0.9297794117647059,0.36146137410093593,0.5810193355314558,0.37649035101741885,0.9021289327810532,6,extrapolation,graph_feature_margin,0.1,2720,62,8,1.7568178176879883
0.919485294117647,0.2916745412955175,0.5189213892511106,0.31203718194812835,0.8889132610210941,6,extrapolation,graph_feature_margin,0.2,5440,62,8,1.7568178176879883
0.9066176470588235,0.2717370194581487,0.5162568315448837,0.30804711650013605,0.8732297041220773,6,extrapolation,graph_feature_margin,0.3,8160,62,8,1.7568178176879883
0.8863051470588236,0.22084016516861735,0.5970410311448706,0.23729982249188433,0.8487486008898407,6,extrapolation,graph_feature_margin,0.4,10880,62,8,1.7568178176879883
0.8458823529411764,0.23876379243822352,0.6175327190038978,0.22867648303314594,0.8014858439348231,6,extrapolation,graph_feature_margin,0.5,13600,62,8,1.7568178176879883
0.6459191176470588,0.23010762622463987,0.43188270782302624,0.190327575491136,0.6237038200096551,6,extrapolation,graph_feature_full,1.0,27200,62,8,1.7568178176879883
0.8875,0.25,0.0,0.23509933774834438,0.8346026490066226,7,interpolation,graph_feature_margin,0.01,80,62,8,1.7788119316101074
0.9375,0.3333333333333333,0.29691670548591664,0.3668831168831169,0.9103896103896105,7,interpolation,graph_feature_margin,0.02,160,62,8,1.7788119316101074
0.9416666666666667,0.25,0.2542840050466801,0.27396551724137935,0.9158800287356321,7,interpolation,graph_feature_margin,0.03,240,62,8,1.7788119316101074
0.94,0.325,0.40876339973413595,0.34757983530829484,0.9138245631652941,7,interpolation,graph_feature_margin,0.05,400,62,8,1.7788119316101074
0.93125,0.30666666666666664,0.38536982725981916,0.3319173200285103,0.9019191019244476,7,interpolation,graph_feature_margin,0.08,640,62,8,1.7788119316101074
0.9325,0.3142857142857143,0.4187533093918028,0.33835861904193043,0.9040383466730378,7,interpolation,graph_feature_margin,0.1,800,62,8,1.7788119316101074
0.893125,0.4288920180077888,0.502722216157797,0.4566534914361001,0.8514277009222662,7,interpolation,graph_feature_margin,0.2,1600,62,8,1.7788119316101074
0.8675,0.4848308942946555,0.6040043510676877,0.5048586433637278,0.8181376740139147,7,interpolation,graph_feature_margin,0.3,2400,62,8,1.7788119316101074
0.834375,0.4245594101718883,0.6321293901149403,0.46081839485178866,0.774877168708326,7,interpolation,graph_feature_margin,0.4,3200,62,8,1.7788119316101074
0.78725,0.37763348064978497,0.5722473123281631,0.4173181462768125,0.7369396143849448,7,interpolation,graph_feature_margin,0.5,4000,62,8,1.7788119316101074
0.612125,0.4209527038068965,0.371520636581638,0.44104778839089226,0.6050616356304488,7,interpolation,graph_feature_full,1.0,8000,62,8,1.7788119316101074
0.9779411764705882,0.5,0.0,0.4944237918215613,0.9670347692980538,7,extrapolation,graph_feature_margin,0.01,272,62,8,1.7788119316101074
0.9724264705882353,0.5,0.0,0.4930102516309413,0.958832437914588,7,extrapolation,graph_feature_margin,0.02,544,62,8,1.7788119316101074
0.9718137254901961,0.4,0.3386399082216669,0.3971303805364941,0.9579227979401368,7,extrapolation,graph_feature_margin,0.03,816,62,8,1.7788119316101074
0.9698529411764706,0.21666666666666667,0.25942374622918835,0.2410333151073892,0.9561984009696428,7,extrapolation,graph_feature_margin,0.05,1360,62,8,1.7788119316101074
0.9655330882352942,0.19727891156462585,0.30788537725255255,0.21916037656231394,0.9502510400833446,7,extrapolation,graph_feature_margin,0.08,2176,62,8,1.7788119316101074
0.9632352941176471,0.2057142857142857,0.312031876975225,0.22747243563339842,0.9467713164932514,7,extrapolation,graph_feature_margin,0.1,2720,62,8,1.7788119316101074
0.946139705882353,0.2615973279760282,0.40899739944833896,0.2975298431408587,0.9236764433167692,7,extrapolation,graph_feature_margin,0.2,5440,62,8,1.7788119316101074
0.9223039215686275,0.21863366010530805,0.4779251308682981,0.2334317950868332,0.8919792862214146,7,extrapolation,graph_feature_margin,0.3,8160,62,8,1.7788119316101074
0.8989889705882353,0.2271650361186258,0.5270349701262499,0.2391525505100465,0.8612695952380733,7,extrapolation,graph_feature_margin,0.4,10880,62,8,1.7788119316101074
0.8616176470588235,0.2202164465980129,0.5879653226528105,0.2183289479812989,0.8151543751934693,7,extrapolation,graph_feature_margin,0.5,13600,62,8,1.7788119316101074
0.6574632352941177,0.23382423501457936,0.43994117883195255,0.20078486620403213,0.6275007443093362,7,extrapolation,graph_feature_full,1.0,27200,62,8,1.7788119316101074
1.0,1.0,0.0,1.0,1.0,8,interpolation,graph_feature_margin,0.01,80,62,8,1.7267062664031982
0.98125,0.5,0.0,0.4952681388012618,0.9719637223974763,8,interpolation,graph_feature_margin,0.02,160,62,8,1.7267062664031982
0.9708333333333333,0.5,0.0,0.492600422832981,0.9564658210007048,8,interpolation,graph_feature_margin,0.03,240,62,8,1.7267062664031982
0.935,0.2,0.0,0.19328165374677003,0.9035917312661499,8,interpolation,graph_feature_margin,0.05,400,62,8,1.7267062664031982
0.9328125,0.21428571428571427,0.14956317996478957,0.23312126470021205,0.9009092442645075,8,interpolation,graph_feature_margin,0.08,640,62,8,1.7267062664031982
0.9325,0.23809523809523808,0.1871782104744514,0.25214007782101167,0.900431906614786,8,interpolation,graph_feature_margin,0.1,800,62,8,1.7267062664031982
0.92,0.21052631578947367,0.29908739092032144,0.2154141222849192,0.8832107279508387,8,interpolation,graph_feature_margin,0.2,1600,62,8,1.7267062664031982
0.9104166666666667,0.22999999999999998,0.46564983951987476,0.22850816865034806,0.8700123629201287,8,interpolation,graph_feature_margin,0.3,2400,62,8,1.7267062664031982
0.8790625,0.2233151932270003,0.49260557823540535,0.22296754662045074,0.8294922866052151,8,interpolation,graph_feature_margin,0.4,3200,62,8,1.7267062664031982
0.85925,0.24064173999747415,0.5474432165424477,0.24463063403696045,0.8097355605329987,8,interpolation,graph_feature_margin,0.5,4000,62,8,1.7267062664031982
0.698625,0.33496456990529866,0.4055232921639395,0.3363076283603389,0.6971797756916124,8,interpolation,graph_feature_full,1.0,8000,62,8,1.7267062664031982
0.9669117647058824,0.5,0.44586260148374457,0.4955891619407688,0.9542143889691983,8,extrapolation,graph_feature_margin,0.01,272,62,8,1.7267062664031982
0.9797794117647058,0.5238095238095238,0.5225569042122079,0.5356499170932161,0.9721427374929495,8,extrapolation,graph_feature_margin,0.02,544,62,8,1.7267062664031982
0.9816176470588235,0.5416666666666666,0.5038020528022037,0.5528556593977155,0.9741249770936412,8,extrapolation,graph_feature_margin,0.03,816,62,8,1.7267062664031982
0.9838235294117647,0.43333333333333335,0.5780213401767862,0.43787814285898574,0.9771667922558165,8,extrapolation,graph_feature_margin,0.05,1360,62,8,1.7267062664031982
0.9751838235294118,0.30701754385964913,0.6061405154365813,0.30695777830325005,0.9642511672439135,8,extrapolation,graph_feature_margin,0.08,2176,62,8,1.7267062664031982
0.9661764705882353,0.3421296296296297,0.5910608244471575,0.3763306535875404,0.9519904182908921,8,extrapolation,graph_feature_margin,0.1,2720,62,8,1.7267062664031982
0.9448529411764706,0.3026622290616266,0.6184417300868874,0.3423198977776136,0.9240858577798553,8,extrapolation,graph_feature_margin,0.2,5440,62,8,1.7267062664031982
0.926593137254902,0.3052468982930149,0.6569912797219475,0.33070573805180425,0.901152579756461,8,extrapolation,graph_feature_margin,0.3,8160,62,8,1.7267062664031982
0.8849264705882353,0.28659224156169644,0.6393496653053594,0.2949693810079554,0.8469646232337296,8,extrapolation,graph_feature_margin,0.4,10880,62,8,1.7267062664031982
0.8392647058823529,0.2630339038392138,0.6161713902209767,0.2423905902697899,0.7943352973192683,8,extrapolation,graph_feature_margin,0.5,13600,62,8,1.7267062664031982
0.633125,0.24716249854289196,0.423531360141619,0.20790279913493193,0.6175432102751772,8,extrapolation,graph_feature_full,1.0,27200,62,8,1.7267062664031982
0.8625,0.6666666666666666,0.4560813845522455,0.5955734406438632,0.7990442655935613,9,interpolation,graph_feature_margin,0.01,80,62,8,1.9174330234527588
0.90625,0.6666666666666666,0.5266907654774581,0.6250439058658237,0.8617129873551107,9,interpolation,graph_feature_margin,0.02,160,62,8,1.9174330234527588
0.9166666666666666,0.5,0.6154823843139979,0.47172619047619047,0.8768601190476191,9,interpolation,graph_feature_margin,0.03,240,62,8,1.9174330234527588
0.94,0.5,0.6547244169834348,0.4800271739130435,0.9109470108695653,9,interpolation,graph_feature_margin,0.05,400,62,8,1.9174330234527588
0.9328125,0.399645390070922,0.6481339432558068,0.37725457416179065,0.9012982376706603,9,interpolation,graph_feature_margin,0.08,640,62,8,1.9174330234527588
0.91875,0.33213773314203726,0.5991715710375419,0.3076184828762148,0.8832818048024234,9,interpolation,graph_feature_margin,0.1,800,62,8,1.9174330234527588
0.894375,0.28044873870081133,0.595932948375425,0.26153720318226414,0.8514262378010677,9,interpolation,graph_feature_margin,0.2,1600,62,8,1.9174330234527588
0.8445833333333334,0.280723643169058,0.553706019514554,0.2501894231593383,0.7945998068378171,9,interpolation,graph_feature_margin,0.3,2400,62,8,1.9174330234527588
0.803125,0.3269712694426557,0.5332542932177183,0.32028401177045834,0.7626362168755498,9,interpolation,graph_feature_margin,0.4,3200,62,8,1.9174330234527588
0.76625,0.35519873178844336,0.5273981233298268,0.3613135498477304,0.7356777224583615,9,interpolation,graph_feature_margin,0.5,4000,62,8,1.9174330234527588
0.593625,0.3348904438200271,0.35554713419262196,0.31764537879987104,0.6016722299569792,9,interpolation,graph_feature_full,1.0,8000,62,8,1.9174330234527588
0.9669117647058824,0.3,0.4936889181091418,0.32993068683049775,0.95432558656733,9,extrapolation,graph_feature_margin,0.01,272,62,8,1.9174330234527588
0.9669117647058824,0.22916666666666666,0.3737828755344715,0.2547562087035771,0.9531542132403201,9,extrapolation,graph_feature_margin,0.02,544,62,8,1.9174330234527588
0.9546568627450981,0.19254658385093168,0.4140161433628685,0.21324235428711516,0.9372603798511376,9,extrapolation,graph_feature_margin,0.03,816,62,8,1.9174330234527588
0.9544117647058824,0.17708333333333334,0.4335865516526601,0.19421283417762292,0.9367481272617976,9,extrapolation,graph_feature_margin,0.05,1360,62,8,1.9174330234527588
0.9503676470588235,0.1953125,0.4909942552063399,0.21090224582276018,0.9308346576403872,9,extrapolation,graph_feature_margin,0.08,2176,62,8,1.9174330234527588
0.9404411764705882,0.18676470588235294,0.4439283584526247,0.20254326871394274,0.9168434442971298,9,extrapolation,graph_feature_margin,0.1,2720,62,8,1.9174330234527588
0.9325367647058823,0.21177068786437303,0.5217784432609248,0.22205235419661137,0.9054871847961711,9,extrapolation,graph_feature_margin,0.2,5440,62,8,1.9174330234527588
0.9225490196078432,0.2010186675064705,0.562811718443937,0.21142829109480546,0.8927502244750515,9,extrapolation,graph_feature_margin,0.3,8160,62,8,1.9174330234527588
0.8807904411764705,0.201806517725369,0.5520304562869366,0.21810216822662273,0.839759787946412,9,extrapolation,graph_feature_margin,0.4,10880,62,8,1.9174330234527588
0.8474264705882353,0.26275973864809005,0.5763807295195005,0.2769574131273437,0.7998631033546445,9,extrapolation,graph_feature_margin,0.5,13600,62,8,1.9174330234527588
0.6371323529411764,0.22732831402299125,0.41145083866543475,0.19535239909579152,0.6147963195680075,9,extrapolation,graph_feature_full,1.0,27200,62,8,1.9174330234527588
1.0,1.0,1.0,1.0,1.0,42,interpolation,graph_feature_margin,0.01,80,62,8,1.788386583328247
0.9875,0.5,0.8614513464649353,0.49836601307189543,0.9812908496732027,42,interpolation,graph_feature_margin,0.02,160,62,8,1.788386583328247
0.9916666666666667,0.5,0.9272568110442776,0.4988938053097345,0.9875184365781711,42,interpolation,graph_feature_margin,0.03,240,62,8,1.788386583328247
0.99,0.5,0.8781695156980797,0.49869791666666663,0.9850260416666665,42,interpolation,graph_feature_margin,0.05,400,62,8,1.788386583328247
0.9734375,0.32716049382716045,0.7694369566314078,0.32784901505590786,0.9611092014240532,42,interpolation,graph_feature_margin,0.08,640,62,8,1.788386583328247
0.96875,0.32051282051282054,0.7584196894811409,0.3238944333555112,0.9551848968729209,42,interpolation,graph_feature_margin,0.1,800,62,8,1.788386583328247
0.949375,0.2531205332102987,0.7192191452532579,0.26793874015165187,0.9302415603762151,42,interpolation,graph_feature_margin,0.2,1600,62,8,1.788386583328247
0.9166666666666666,0.3014019302764538,0.7020305801815044,0.32521762004312066,0.893227541712345,42,interpolation,graph_feature_margin,0.3,2400,62,8,1.788386583328247
0.863125,0.34275009247896826,0.6376938532892252,0.3756450546741984,0.8513594049478237,42,interpolation,graph_feature_margin,0.4,3200,62,8,1.788386583328247
0.79925,0.41088674719862756,0.5784782566173177,0.4512022807774246,0.8002700909718564,42,interpolation,graph_feature_margin,0.5,4000,62,8,1.788386583328247
0.59,0.38556305530085,0.3461541542559039,0.3411137997208182,0.6128171637619014,42,interpolation,graph_feature_full,1.0,8000,62,8,1.788386583328247
0.8823529411764706,0.16666666666666666,0.0,0.15625,0.8272058823529411,42,extrapolation,graph_feature_margin,0.01,272,62,8,1.788386583328247
0.8768382352941176,0.14285714285714285,0.0,0.13348258010353994,0.8192984098634557,42,extrapolation,graph_feature_margin,0.02,544,62,8,1.788386583328247
0.9068627450980392,0.14285714285714285,0.0,0.1358795446199045,0.8625686778567467,42,extrapolation,graph_feature_margin,0.03,816,62,8,1.788386583328247
0.9213235294117647,0.14285714285714285,0.0,0.13700727133562954,0.8835961594741225,42,extrapolation,graph_feature_margin,0.05,1360,62,8,1.788386583328247
0.9278492647058824,0.14285714285714285,0.0,0.13751064192065385,0.8931240359671878,42,extrapolation,graph_feature_margin,0.08,2176,62,8,1.788386583328247
0.9283088235294118,0.14285714285714285,0.0,0.13754596214081438,0.8937959120731228,42,extrapolation,graph_feature_margin,0.1,2720,62,8,1.788386583328247
0.9211397058823529,0.1404326535544291,0.08127707753418682,0.14843542627279815,0.8846235332079389,42,extrapolation,graph_feature_margin,0.2,5440,62,8,1.788386583328247
0.9142156862745098,0.20404855111591072,0.2596181978482169,0.22794050557708978,0.8777156414006753,42,extrapolation,graph_feature_margin,0.3,8160,62,8,1.788386583328247
0.8966911764705883,0.22488513068087254,0.40660503784881125,0.25506222830749525,0.8586091260614186,42,extrapolation,graph_feature_margin,0.4,10880,62,8,1.788386583328247
0.8598529411764706,0.236595508418127,0.5578552995383104,0.24270646012419378,0.8113452168971539,42,extrapolation,graph_feature_margin,0.5,13600,62,8,1.788386583328247
0.6415441176470589,0.2241643493953911,0.42453701236723784,0.1930970353800595,0.6176124868241425,42,extrapolation,graph_feature_full,1.0,27200,62,8,1.788386583328247
