Accuracy,Balanced Accuracy,MCC,F1_macro,F1_weighted,seed,split,method,coverage,kept_rows,window,epochs,hidden,synthetic_rows,train_time
0.8,0.738562091503268,0.7041955769924981,0.6045530492898914,0.801983082706767,0,interpolation,mscgan_mscnn_margin,0.01,80,31,8,96,2985,2.592750072479248
0.74375,0.7587542087542087,0.653955370380518,0.6141073633076832,0.7722490495143933,0,interpolation,mscgan_mscnn_margin,0.02,160,31,8,96,2985,2.592750072479248
0.725,0.6539641943734015,0.6190192780004705,0.5021607909433587,0.7505379238700896,0,interpolation,mscgan_mscnn_margin,0.03,240,31,8,96,2985,2.592750072479248
0.725,0.6335104089945156,0.6168800428791845,0.4866159455187657,0.7533885245910824,0,interpolation,mscgan_mscnn_margin,0.05,400,31,8,96,2985,2.592750072479248
0.7234375,0.6748884998318262,0.6102332920238672,0.521135021946066,0.7640064672549036,0,interpolation,mscgan_mscnn_margin,0.08,640,31,8,96,2985,2.592750072479248
0.7175,0.7283158483519193,0.6084911924339523,0.5831355280274222,0.7632037893783311,0,interpolation,mscgan_mscnn_margin,0.1,800,31,8,96,2985,2.592750072479248
0.714375,0.7016551795418481,0.6004018988063861,0.5635443889538538,0.7543365832591212,0,interpolation,mscgan_mscnn_margin,0.2,1600,31,8,96,2985,2.592750072479248
0.7029166666666666,0.6492766194384894,0.5768217653463485,0.5514321908764372,0.7413371455405162,0,interpolation,mscgan_mscnn_margin,0.3,2400,31,8,96,2985,2.592750072479248
0.6903125,0.558775651487946,0.5470133423803915,0.4815345097264037,0.7260934145981095,0,interpolation,mscgan_mscnn_margin,0.4,3200,31,8,96,2985,2.592750072479248
0.668,0.5127494065911213,0.5149524494371718,0.4334735164633149,0.7025827659973907,0,interpolation,mscgan_mscnn_margin,0.5,4000,31,8,96,2985,2.592750072479248
0.5885,0.4482118090341187,0.4031025200635669,0.3727627225539542,0.6209612658606416,0,interpolation,mscgan_mscnn_full,1.0,8000,31,8,96,2985,2.592750072479248
0.9632352941176471,0.6795351473922903,0.788237936883913,0.6599505757400494,0.9556660831428633,0,extrapolation,mscgan_mscnn_margin,0.01,272,31,8,96,2985,2.592750072479248
0.9430147058823529,0.4622799028536733,0.6791674800765741,0.4163658814589666,0.925450723840068,0,extrapolation,mscgan_mscnn_margin,0.02,544,31,8,96,2985,2.592750072479248
0.9313725490196079,0.397876471950546,0.6315306608160197,0.3433954029677044,0.9112705163531808,0,extrapolation,mscgan_mscnn_margin,0.03,816,31,8,96,2985,2.592750072479248
0.8448529411764706,0.3247881991303044,0.6190119500071986,0.2695981786602826,0.8024543692347316,0,extrapolation,mscgan_mscnn_margin,0.05,1360,31,8,96,2985,2.592750072479248
0.8552389705882353,0.30542658106894394,0.7357673865542439,0.2778548965960453,0.803082145107921,0,extrapolation,mscgan_mscnn_margin,0.08,2176,31,8,96,2985,2.592750072479248
0.856985294117647,0.3111617996394991,0.7506100254361014,0.28701617990645834,0.8051210984735969,0,extrapolation,mscgan_mscnn_margin,0.1,2720,31,8,96,2985,2.592750072479248
0.8233455882352941,0.32242521408992314,0.7122667700833347,0.2849260769327344,0.7651137324434265,0,extrapolation,mscgan_mscnn_margin,0.2,5440,31,8,96,2985,2.592750072479248
0.7658088235294118,0.3190090217071342,0.6376842187892969,0.2598978543913128,0.6991153408916394,0,extrapolation,mscgan_mscnn_margin,0.3,8160,31,8,96,2985,2.592750072479248
0.7418198529411765,0.3176138457517872,0.5985755120237399,0.24745747144479055,0.6768734222232202,0,extrapolation,mscgan_mscnn_margin,0.4,10880,31,8,96,2985,2.592750072479248
0.7255882352941176,0.2799572666243297,0.5660135605487883,0.21501098283286765,0.664276451616347,0,extrapolation,mscgan_mscnn_margin,0.5,13600,31,8,96,2985,2.592750072479248
0.626360294117647,0.2488916509992504,0.4136264492478576,0.18005344449881802,0.5917437538258403,0,extrapolation,mscgan_mscnn_full,1.0,27200,31,8,96,2985,2.592750072479248
0.375,0.3319672131147541,0.2698421794738722,0.2552380952380952,0.4630952380952381,1,interpolation,mscgan_mscnn_margin,0.01,80,31,8,96,3051,2.1203970909118652
0.46875,0.2513020833333333,0.17425718710879776,0.22525676937441644,0.5544467787114845,1,interpolation,mscgan_mscnn_margin,0.02,160,31,8,96,3051,2.1203970909118652
0.6083333333333333,0.352842146959794,0.28603253366286036,0.35194702733164274,0.6999473091011552,1,interpolation,mscgan_mscnn_margin,0.03,240,31,8,96,3051,2.1203970909118652
0.71,0.45469273336245813,0.41137568972658367,0.45704340093889345,0.7832461574673414,1,interpolation,mscgan_mscnn_margin,0.05,400,31,8,96,3051,2.1203970909118652
0.7734375,0.5503914768027671,0.5320218182771592,0.48151208026208026,0.8164441703777641,1,interpolation,mscgan_mscnn_margin,0.08,640,31,8,96,3051,2.1203970909118652
0.79125,0.5922032196289088,0.5702009919421298,0.4946825879341217,0.82255101223046,1,interpolation,mscgan_mscnn_margin,0.1,800,31,8,96,3051,2.1203970909118652
0.808125,0.4789120229706975,0.627871434794148,0.37353765166641734,0.8252754887363022,1,interpolation,mscgan_mscnn_margin,0.2,1600,31,8,96,3051,2.1203970909118652
0.7979166666666667,0.5870038404915289,0.6186426781022204,0.46848687268152045,0.8110833714392265,1,interpolation,mscgan_mscnn_margin,0.3,2400,31,8,96,3051,2.1203970909118652
0.766875,0.5182697688485882,0.5754483543544932,0.4302390226885592,0.7826729923408375,1,interpolation,mscgan_mscnn_margin,0.4,3200,31,8,96,3051,2.1203970909118652
0.73125,0.5105972239300036,0.5260940767398885,0.42063558605625906,0.7519859145893218,1,interpolation,mscgan_mscnn_margin,0.5,4000,31,8,96,3051,2.1203970909118652
0.6035,0.4793215157157945,0.3820591058732527,0.34918842994807364,0.6445326017808637,1,interpolation,mscgan_mscnn_full,1.0,8000,31,8,96,3051,2.1203970909118652
0.8860294117647058,0.41871345029239765,0.5459364788969199,0.38512709684058866,0.8447848373681057,1,extrapolation,mscgan_mscnn_margin,0.01,272,31,8,96,3051,2.1203970909118652
0.9191176470588235,0.3829834630605132,0.6161313105578596,0.35957966901817956,0.8965430142892176,1,extrapolation,mscgan_mscnn_margin,0.02,544,31,8,96,3051,2.1203970909118652
0.8627450980392157,0.45023535480542926,0.635626901576822,0.39195586868736426,0.8294008802333015,1,extrapolation,mscgan_mscnn_margin,0.03,816,31,8,96,3051,2.1203970909118652
0.8441176470588235,0.48984714739420127,0.6621575863165989,0.41967808300310405,0.8042189177339216,1,extrapolation,mscgan_mscnn_margin,0.05,1360,31,8,96,3051,2.1203970909118652
0.8671875,0.4557789060084527,0.7199859237514075,0.3850565156290462,0.8276115346252899,1,extrapolation,mscgan_mscnn_margin,0.08,2176,31,8,96,3051,2.1203970909118652
0.8786764705882353,0.414755648270141,0.7551800606273614,0.3550260633477943,0.8416083731694282,1,extrapolation,mscgan_mscnn_margin,0.1,2720,31,8,96,3051,2.1203970909118652
0.8735294117647059,0.3578971108423992,0.7614887356161387,0.30703086028636745,0.8409942853977389,1,extrapolation,mscgan_mscnn_margin,0.2,5440,31,8,96,3051,2.1203970909118652
0.8375,0.36666118710171935,0.7071677862805744,0.30218137099427034,0.7986658042672649,1,extrapolation,mscgan_mscnn_margin,0.3,8160,31,8,96,3051,2.1203970909118652
0.8139705882352941,0.3692899882804246,0.6715470403759581,0.28617515983572095,0.7783302115686271,1,extrapolation,mscgan_mscnn_margin,0.4,10880,31,8,96,3051,2.1203970909118652
0.7880147058823529,0.33244063361802195,0.6321400657817501,0.2534181086281892,0.7560911158521777,1,extrapolation,mscgan_mscnn_margin,0.5,13600,31,8,96,3051,2.1203970909118652
0.6570220588235294,0.3067213771868829,0.46711615950775265,0.2156975547609995,0.6375454623221161,1,extrapolation,mscgan_mscnn_full,1.0,27200,31,8,96,3051,2.1203970909118652
0.9625,0.9858490566037736,0.9311907656451224,0.9712898751733703,0.9635610263522885,2,interpolation,mscgan_mscnn_margin,0.01,80,31,8,96,3146,2.0038349628448486
0.94375,0.7256410256410256,0.8949320100978091,0.724166901822009,0.9321785267581358,2,interpolation,mscgan_mscnn_margin,0.02,160,31,8,96,3146,2.0038349628448486
0.9166666666666666,0.7259713701431493,0.839650195295767,0.7054069957502451,0.895670153644982,2,interpolation,mscgan_mscnn_margin,0.03,240,31,8,96,3146,2.0038349628448486
0.89,0.7695993953136812,0.765690837544089,0.640696561303887,0.8777848600348845,2,interpolation,mscgan_mscnn_margin,0.05,400,31,8,96,3146,2.0038349628448486
0.8890625,0.6673994925839188,0.7549864093115254,0.573944177821007,0.8826146713432097,2,interpolation,mscgan_mscnn_margin,0.08,640,31,8,96,3146,2.0038349628448486
0.87125,0.6625417788888507,0.7162163645534306,0.507232732289189,0.8663991151358295,2,interpolation,mscgan_mscnn_margin,0.1,800,31,8,96,3146,2.0038349628448486
0.79375,0.6499782752725017,0.6187184979166683,0.4746698658322993,0.8045007498210822,2,interpolation,mscgan_mscnn_margin,0.2,1600,31,8,96,3146,2.0038349628448486
0.7416666666666667,0.6258557249801416,0.5686149369515562,0.46295714636448243,0.7638568582993027,2,interpolation,mscgan_mscnn_margin,0.3,2400,31,8,96,3146,2.0038349628448486
0.69625,0.5967599012538392,0.5144898210146555,0.4500857120952323,0.7326666447700374,2,interpolation,mscgan_mscnn_margin,0.4,3200,31,8,96,3146,2.0038349628448486
0.66875,0.5679006238336678,0.47833461766641655,0.4322855365528761,0.7093960236532028,2,interpolation,mscgan_mscnn_margin,0.5,4000,31,8,96,3146,2.0038349628448486
0.556375,0.44249220758735935,0.3504281694259167,0.3741737290024988,0.6027058255915173,2,interpolation,mscgan_mscnn_full,1.0,8000,31,8,96,3146,2.0038349628448486
0.9632352941176471,0.5591031390134529,0.8777095969869114,0.5584196524593876,0.9586675390142474,2,extrapolation,mscgan_mscnn_margin,0.01,272,31,8,96,3146,2.0038349628448486
0.8658088235294118,0.4132610746648529,0.720837272092748,0.3537202122920649,0.8243266580405963,2,extrapolation,mscgan_mscnn_margin,0.02,544,31,8,96,3146,2.0038349628448486
0.8149509803921569,0.41380064007493556,0.6479061841353014,0.322074712688599,0.7641939092437691,2,extrapolation,mscgan_mscnn_margin,0.03,816,31,8,96,3146,2.0038349628448486
0.8441176470588235,0.3431690364658901,0.6811593753448142,0.27801568374074315,0.7997875939219066,2,extrapolation,mscgan_mscnn_margin,0.05,1360,31,8,96,3146,2.0038349628448486
0.8625919117647058,0.3513376353285271,0.7175575284727894,0.29120776102201734,0.8210076465277313,2,extrapolation,mscgan_mscnn_margin,0.08,2176,31,8,96,3146,2.0038349628448486
0.8628676470588236,0.35777415435180404,0.7159581452019946,0.29113676506007596,0.8206836835135544,2,extrapolation,mscgan_mscnn_margin,0.1,2720,31,8,96,3146,2.0038349628448486
0.8654411764705883,0.3000597485960281,0.7226437064683984,0.2325783889588379,0.8274768601974326,2,extrapolation,mscgan_mscnn_margin,0.2,5440,31,8,96,3146,2.0038349628448486
0.845343137254902,0.2988764130095346,0.6868774503228279,0.22162166290551277,0.8104710125837179,2,extrapolation,mscgan_mscnn_margin,0.3,8160,31,8,96,3146,2.0038349628448486
0.8125919117647059,0.2980612554814552,0.6390920009729972,0.21481759841932335,0.774997009639068,2,extrapolation,mscgan_mscnn_margin,0.4,10880,31,8,96,3146,2.0038349628448486
0.7830147058823529,0.3005037498600386,0.6036371346256972,0.21467877572301805,0.745493153790998,2,extrapolation,mscgan_mscnn_margin,0.5,13600,31,8,96,3146,2.0038349628448486
0.633235294117647,0.29459981945780417,0.4393244578930832,0.20281697539230836,0.6229679997346143,2,extrapolation,mscgan_mscnn_full,1.0,27200,31,8,96,3146,2.0038349628448486
0.775,0.4074858757062147,0.5287304331346716,0.30013663868826856,0.7796261955885224,3,interpolation,mscgan_mscnn_margin,0.01,80,31,8,96,3021,1.9431116580963135
0.8125,0.5652328992846235,0.6778416594178968,0.5520344187831873,0.829834703473866,3,interpolation,mscgan_mscnn_margin,0.02,160,31,8,96,3021,1.9431116580963135
0.8666666666666667,0.5874166908384094,0.772853579858656,0.5656346749226006,0.8796689026487787,3,interpolation,mscgan_mscnn_margin,0.03,240,31,8,96,3021,1.9431116580963135
0.875,0.5758738315390176,0.7834402068853504,0.46133917952591347,0.8824171392324329,3,interpolation,mscgan_mscnn_margin,0.05,400,31,8,96,3021,1.9431116580963135
0.8921875,0.6320685646053293,0.7988280646342923,0.4942787249588432,0.8997041223477933,3,interpolation,mscgan_mscnn_margin,0.08,640,31,8,96,3021,1.9431116580963135
0.89,0.6840471790810565,0.7855993732325878,0.5077866796621474,0.8967632516032643,3,interpolation,mscgan_mscnn_margin,0.1,800,31,8,96,3021,1.9431116580963135
0.85,0.6074677574685554,0.6955076536514981,0.48517651155831487,0.8599120477699722,3,interpolation,mscgan_mscnn_margin,0.2,1600,31,8,96,3021,1.9431116580963135
0.8225,0.5872940858744011,0.6475076823243215,0.48886258274705996,0.8353150229961817,3,interpolation,mscgan_mscnn_margin,0.3,2400,31,8,96,3021,1.9431116580963135
0.764375,0.6046480446450324,0.5686830473372687,0.5047633636318319,0.7858290593479209,3,interpolation,mscgan_mscnn_margin,0.4,3200,31,8,96,3021,1.9431116580963135
0.717,0.5907326079324344,0.5189987337957961,0.4779973886148197,0.7450255263022708,3,interpolation,mscgan_mscnn_margin,0.5,4000,31,8,96,3021,1.9431116580963135
0.586,0.4861281145724631,0.37777190714379183,0.3784059573961511,0.6163765185387459,3,interpolation,mscgan_mscnn_full,1.0,8000,31,8,96,3021,1.9431116580963135
0.6323529411764706,0.27401837928153716,0.44655240831757237,0.22667110322389825,0.6234786033978809,3,extrapolation,mscgan_mscnn_margin,0.01,272,31,8,96,3021,1.9431116580963135
0.6709558823529411,0.4203972257250946,0.46366438708090624,0.2850323150446913,0.6613351900598916,3,extrapolation,mscgan_mscnn_margin,0.02,544,31,8,96,3021,1.9431116580963135
0.6948529411764706,0.4162335267598426,0.5209168868453177,0.29976462112587066,0.661484302039389,3,extrapolation,mscgan_mscnn_margin,0.03,816,31,8,96,3021,1.9431116580963135
0.7529411764705882,0.48343995510662174,0.6244522638722714,0.3494893722510098,0.7184924915275438,3,extrapolation,mscgan_mscnn_margin,0.05,1360,31,8,96,3021,1.9431116580963135
0.8042279411764706,0.4987113130253927,0.6937398404787436,0.3598320864039123,0.7754904411148908,3,extrapolation,mscgan_mscnn_margin,0.08,2176,31,8,96,3021,1.9431116580963135
0.8091911764705882,0.4976300091655883,0.6923998258695793,0.35574468617967375,0.7776552507632033,3,extrapolation,mscgan_mscnn_margin,0.1,2720,31,8,96,3021,1.9431116580963135
0.8143382352941176,0.40424771877706794,0.6930865300996267,0.3174725316162605,0.7763162090078479,3,extrapolation,mscgan_mscnn_margin,0.2,5440,31,8,96,3021,1.9431116580963135
0.8028186274509804,0.3921255753004029,0.6823865494558385,0.29903419163232187,0.7603037173671041,3,extrapolation,mscgan_mscnn_margin,0.3,8160,31,8,96,3021,1.9431116580963135
0.7976102941176471,0.37722890785748425,0.6712513689613827,0.28668953638933864,0.7576888913690055,3,extrapolation,mscgan_mscnn_margin,0.4,10880,31,8,96,3021,1.9431116580963135
0.79,0.37037083318535086,0.6553434729844231,0.27684824416118586,0.7543898580257726,3,extrapolation,mscgan_mscnn_margin,0.5,13600,31,8,96,3021,1.9431116580963135
0.6566176470588235,0.32378721707118513,0.48981936761081335,0.22713609612168714,0.6475025448384637,3,extrapolation,mscgan_mscnn_full,1.0,27200,31,8,96,3021,1.9431116580963135
0.8625,0.5627705627705628,0.7696191340469051,0.41131574581051933,0.8919425087108014,4,interpolation,mscgan_mscnn_margin,0.01,80,31,8,96,3352,2.1134910583496094
0.85625,0.4603638726445744,0.7505565899482748,0.3557919621749409,0.8872340425531915,4,interpolation,mscgan_mscnn_margin,0.02,160,31,8,96,3352,2.1134910583496094
0.8541666666666666,0.4596489789223324,0.7493056404948593,0.35468229682296826,0.8857727327273272,4,interpolation,mscgan_mscnn_margin,0.03,240,31,8,96,3352,2.1134910583496094
0.8675,0.4610447495097165,0.7643304659007059,0.3557919621749409,0.8978427895981088,4,interpolation,mscgan_mscnn_margin,0.05,400,31,8,96,3352,2.1134910583496094
0.7828125,0.5089038619235078,0.6417958524662172,0.39894222271321256,0.8465742722602739,4,interpolation,mscgan_mscnn_margin,0.08,640,31,8,96,3352,2.1134910583496094
0.75125,0.5214769544181309,0.5984486002907864,0.39173887382666184,0.8180826830522713,4,interpolation,mscgan_mscnn_margin,0.1,800,31,8,96,3352,2.1134910583496094
0.66875,0.5576993860000015,0.4994383475650067,0.3840344008224105,0.7324333007213198,4,interpolation,mscgan_mscnn_margin,0.2,1600,31,8,96,3352,2.1134910583496094
0.6166666666666667,0.5383715567222904,0.4393805572301606,0.3606588284244445,0.6774373332445387,4,interpolation,mscgan_mscnn_margin,0.3,2400,31,8,96,3352,2.1134910583496094
0.5821875,0.4193333143802215,0.4009752923315312,0.34117587229886537,0.6406489866532086,4,interpolation,mscgan_mscnn_margin,0.4,3200,31,8,96,3352,2.1134910583496094
0.577,0.3982989502737617,0.3931698448456036,0.33438410859986045,0.6287976784959637,4,interpolation,mscgan_mscnn_margin,0.5,4000,31,8,96,3352,2.1134910583496094
0.494625,0.34611904799403925,0.2834050980056133,0.2835105615645029,0.5447088140609916,4,interpolation,mscgan_mscnn_full,1.0,8000,31,8,96,3352,2.1134910583496094
0.6029411764705882,0.20591517857142858,0.3196359926279511,0.13597297297297298,0.6667042925278219,4,extrapolation,mscgan_mscnn_margin,0.01,272,31,8,96,3352,2.1134910583496094
0.7297794117647058,0.37527901785714285,0.4126519808494583,0.2589980543399336,0.7697041157982064,4,extrapolation,mscgan_mscnn_margin,0.02,544,31,8,96,3352,2.1134910583496094
0.7928921568627451,0.42222463321519255,0.4899849446936001,0.301856266674856,0.8274952952064352,4,extrapolation,mscgan_mscnn_margin,0.03,816,31,8,96,3352,2.1134910583496094
0.8294117647058824,0.4583928934600075,0.6321487271333508,0.3328360355895048,0.845526168379837,4,extrapolation,mscgan_mscnn_margin,0.05,1360,31,8,96,3352,2.1134910583496094
0.8511029411764706,0.4887935179162511,0.7377262718771087,0.37181526200593207,0.8529459420749024,4,extrapolation,mscgan_mscnn_margin,0.08,2176,31,8,96,3352,2.1134910583496094
0.8496323529411764,0.5429991296808857,0.7433019312234925,0.43244267849093926,0.8480612218597526,4,extrapolation,mscgan_mscnn_margin,0.1,2720,31,8,96,3352,2.1134910583496094
0.8295955882352941,0.44013294930640473,0.7233919006863049,0.35063157035390347,0.8223731607837742,4,extrapolation,mscgan_mscnn_margin,0.2,5440,31,8,96,3352,2.1134910583496094
0.8198529411764706,0.4143792236541456,0.7079525130023007,0.32659065478566696,0.8101256046293872,4,extrapolation,mscgan_mscnn_margin,0.3,8160,31,8,96,3352,2.1134910583496094
0.7965992647058824,0.4008350226539424,0.6763090000683496,0.3035623263335584,0.7839953019416755,4,extrapolation,mscgan_mscnn_margin,0.4,10880,31,8,96,3352,2.1134910583496094
0.7791176470588236,0.3666017166709901,0.6512213916818791,0.2789366134944183,0.7649704629286048,4,extrapolation,mscgan_mscnn_margin,0.5,13600,31,8,96,3352,2.1134910583496094
0.65125,0.30781787389096493,0.4824028746320889,0.21825291774038247,0.6469460027172378,4,extrapolation,mscgan_mscnn_full,1.0,27200,31,8,96,3352,2.1134910583496094
0.7,0.36,0.590896137666186,0.2874516307352128,0.6814262023217247,5,interpolation,mscgan_mscnn_margin,0.01,80,31,8,96,3022,1.986769437789917
0.675,0.5729166666666666,0.5999078345962889,0.3798733779225976,0.6626603766506604,5,interpolation,mscgan_mscnn_margin,0.02,160,31,8,96,3022,1.986769437789917
0.6875,0.6138051550895588,0.6348621091877709,0.378969298787138,0.6555651448616273,5,interpolation,mscgan_mscnn_margin,0.03,240,31,8,96,3022,1.986769437789917
0.69,0.6062996530047334,0.6199902567487449,0.3779720366160216,0.6767209550940815,5,interpolation,mscgan_mscnn_margin,0.05,400,31,8,96,3022,1.986769437789917
0.7140625,0.6549595017553941,0.6292602089525804,0.41165389573107497,0.7234098299984308,5,interpolation,mscgan_mscnn_margin,0.08,640,31,8,96,3022,1.986769437789917
0.7175,0.7232276777935653,0.6306603204541197,0.44893769653203874,0.7440095940679528,5,interpolation,mscgan_mscnn_margin,0.1,800,31,8,96,3022,1.986769437789917
0.734375,0.7584465333665588,0.6262724181113296,0.4754468350890437,0.7724446617222199,5,interpolation,mscgan_mscnn_margin,0.2,1600,31,8,96,3022,1.986769437789917
0.735,0.7532401119048014,0.6210935300452443,0.47718482403372625,0.7718015510440441,5,interpolation,mscgan_mscnn_margin,0.3,2400,31,8,96,3022,1.986769437789917
0.72875,0.6324799438501739,0.6038830846803938,0.47157358534312066,0.7640299822575396,5,interpolation,mscgan_mscnn_margin,0.4,3200,31,8,96,3022,1.986769437789917
0.72375,0.6260484223845019,0.5947917057408009,0.4642492370094077,0.7591337961372783,5,interpolation,mscgan_mscnn_margin,0.5,4000,31,8,96,3022,1.986769437789917
0.625625,0.4529134334677454,0.45257116772244566,0.3786216300615096,0.667100592464324,5,interpolation,mscgan_mscnn_full,1.0,8000,31,8,96,3022,1.986769437789917
0.7610294117647058,0.48747591522157996,0.6083428538731004,0.37085837146479966,0.7073526168833486,5,extrapolation,mscgan_mscnn_margin,0.01,272,31,8,96,3022,1.986769437789917
0.7738970588235294,0.43084501705191364,0.5849204431228014,0.3207704457704458,0.732867811590238,5,extrapolation,mscgan_mscnn_margin,0.02,544,31,8,96,3022,1.986769437789917
0.7757352941176471,0.39340949033391914,0.583556505661613,0.29934180402930405,0.7365324575342957,5,extrapolation,mscgan_mscnn_margin,0.03,816,31,8,96,3022,1.986769437789917
0.7419117647058824,0.3839157995603716,0.530069925166564,0.27696842469810234,0.7147823383950536,5,extrapolation,mscgan_mscnn_margin,0.05,1360,31,8,96,3022,1.986769437789917
0.7316176470588235,0.30339638749853526,0.49833576193409523,0.21631760065491906,0.7109064536226697,5,extrapolation,mscgan_mscnn_margin,0.08,2176,31,8,96,3022,1.986769437789917
0.7338235294117647,0.3197440318981651,0.49856059168149336,0.2306621713663374,0.7139975918566955,5,extrapolation,mscgan_mscnn_margin,0.1,2720,31,8,96,3022,1.986769437789917
0.7441176470588236,0.3414838157598525,0.5830049968234174,0.24837852030524735,0.7243722077786072,5,extrapolation,mscgan_mscnn_margin,0.2,5440,31,8,96,3022,1.986769437789917
0.7700980392156863,0.35321954647070336,0.6369714571601883,0.2645255258521329,0.7483317574508315,5,extrapolation,mscgan_mscnn_margin,0.3,8160,31,8,96,3022,1.986769437789917
0.7640625,0.34947266324107096,0.6297276114614917,0.262555654578166,0.7393314364330343,5,extrapolation,mscgan_mscnn_margin,0.4,10880,31,8,96,3022,1.986769437789917
0.7418382352941176,0.34434048059826733,0.5946101146271155,0.2531261777235499,0.7136373572321838,5,extrapolation,mscgan_mscnn_margin,0.5,13600,31,8,96,3022,1.986769437789917
0.6170588235294118,0.27835894779160075,0.42271388281732514,0.19290190568558763,0.6075019505995352,5,extrapolation,mscgan_mscnn_full,1.0,27200,31,8,96,3022,1.986769437789917
0.875,0.6318407960199005,0.6635842539973076,0.537182852143482,0.8746719160104988,6,interpolation,mscgan_mscnn_margin,0.01,80,31,8,96,3393,2.182600975036621
0.9,0.61580547112462,0.6423786207841977,0.4446187146187146,0.9035140900765901,6,interpolation,mscgan_mscnn_margin,0.02,160,31,8,96,3393,2.182600975036621
0.9,0.6764486975013291,0.6640097404723957,0.47665716999050334,0.9152845045900602,6,interpolation,mscgan_mscnn_margin,0.03,240,31,8,96,3393,2.182600975036621
0.9075,0.5143638850889193,0.6687259957670448,0.37572883030397275,0.9128068130883012,6,interpolation,mscgan_mscnn_margin,0.05,400,31,8,96,3393,2.182600975036621
0.9125,0.4873264868841916,0.685554254422945,0.3672995727007418,0.9157295174076371,6,interpolation,mscgan_mscnn_margin,0.08,640,31,8,96,3393,2.182600975036621
0.915,0.4697135853438266,0.7164256897856381,0.36540519138142225,0.9217867892379777,6,interpolation,mscgan_mscnn_margin,0.1,800,31,8,96,3393,2.182600975036621
0.84375,0.46677265703814375,0.6328380456577369,0.30972958208556783,0.869609201650519,6,interpolation,mscgan_mscnn_margin,0.2,1600,31,8,96,3393,2.182600975036621
0.8254166666666667,0.4216490625915885,0.6425107616170309,0.32616240532060703,0.8428605092740824,6,interpolation,mscgan_mscnn_margin,0.3,2400,31,8,96,3393,2.182600975036621
0.788125,0.43278939578559383,0.5946520839537088,0.3349197297367253,0.8069736203532019,6,interpolation,mscgan_mscnn_margin,0.4,3200,31,8,96,3393,2.182600975036621
0.75225,0.42764670602556715,0.5538668138899111,0.3233187902829333,0.7789194093565381,6,interpolation,mscgan_mscnn_margin,0.5,4000,31,8,96,3393,2.182600975036621
0.593625,0.3727405092371515,0.37524787937825255,0.2658317944971522,0.6451026901998794,6,interpolation,mscgan_mscnn_full,1.0,8000,31,8,96,3393,2.182600975036621
0.9816176470588235,0.6666666666666666,0.779881568518954,0.6634799235181644,0.9725143403441683,6,extrapolation,mscgan_mscnn_margin,0.01,272,31,8,96,3393,2.182600975036621
0.9742647058823529,0.33237731038878265,0.6195635792251343,0.2931274244309449,0.965475134648751,6,extrapolation,mscgan_mscnn_margin,0.02,544,31,8,96,3393,2.182600975036621
0.9779411764705882,0.3324883819180397,0.617128733613701,0.30050604626708727,0.9707054203779304,6,extrapolation,mscgan_mscnn_margin,0.03,816,31,8,96,3393,2.182600975036621
0.9772058823529411,0.2846369316957552,0.4884148250343967,0.2506502412924553,0.9724093501082047,6,extrapolation,mscgan_mscnn_margin,0.05,1360,31,8,96,3393,2.182600975036621
0.9774816176470589,0.3561354019746122,0.428597980655612,0.26741592406149367,0.9728417584212098,6,extrapolation,mscgan_mscnn_margin,0.08,2176,31,8,96,3393,2.182600975036621
0.9724264705882353,0.31160309667673713,0.3850478052258707,0.2228754096599151,0.9665435266622632,6,extrapolation,mscgan_mscnn_margin,0.1,2720,31,8,96,3393,2.182600975036621
0.9584558823529412,0.31067504427340603,0.48072593142918707,0.2646742281828755,0.9509806944234915,6,extrapolation,mscgan_mscnn_margin,0.2,5440,31,8,96,3393,2.182600975036621
0.9295343137254902,0.3415739749898331,0.5794736468234063,0.2888474837770374,0.9142456761435018,6,extrapolation,mscgan_mscnn_margin,0.3,8160,31,8,96,3393,2.182600975036621
0.9015625,0.366804454734945,0.6481607580944766,0.3037405800361508,0.8815866775924226,6,extrapolation,mscgan_mscnn_margin,0.4,10880,31,8,96,3393,2.182600975036621
0.8731617647058824,0.3767193472766625,0.6670662179478473,0.3020043433522627,0.8517544490064849,6,extrapolation,mscgan_mscnn_margin,0.5,13600,31,8,96,3393,2.182600975036621
0.695,0.31401767120320595,0.5168680743526729,0.2214341206922181,0.6702539435278645,6,extrapolation,mscgan_mscnn_full,1.0,27200,31,8,96,3393,2.182600975036621
0.8,0.6096604495456719,0.699943989487168,0.5180933062880324,0.7470977011494252,7,interpolation,mscgan_mscnn_margin,0.01,80,31,8,96,3282,2.1829991340637207
0.81875,0.631675492050609,0.7242416795893367,0.613097324189049,0.8018840353938186,7,interpolation,mscgan_mscnn_margin,0.02,160,31,8,96,3282,2.1829991340637207
0.8375,0.6068199987128214,0.7622501871488231,0.6162348792522729,0.8267105525513484,7,interpolation,mscgan_mscnn_margin,0.03,240,31,8,96,3282,2.1829991340637207
0.7925,0.6526546250684182,0.7023549272742227,0.638106820746396,0.7792903100768005,7,interpolation,mscgan_mscnn_margin,0.05,400,31,8,96,3282,2.1829991340637207
0.7859375,0.6820558598388671,0.7059505875483412,0.6683181802352776,0.7782618912477873,7,interpolation,mscgan_mscnn_margin,0.08,640,31,8,96,3282,2.1829991340637207
0.7925,0.6815693260569718,0.7137795365069916,0.6660055055255966,0.7861824679664801,7,interpolation,mscgan_mscnn_margin,0.1,800,31,8,96,3282,2.1829991340637207
0.775,0.6563417535469372,0.6889977508168607,0.5430106797930183,0.7789134481527846,7,interpolation,mscgan_mscnn_margin,0.2,1600,31,8,96,3282,2.1829991340637207
0.7345833333333334,0.6488430499829395,0.6381258685425134,0.49052496536833656,0.7485717378915974,7,interpolation,mscgan_mscnn_margin,0.3,2400,31,8,96,3282,2.1829991340637207
0.69,0.6202956044742555,0.580737420166611,0.4443689292355364,0.7115872985264023,7,interpolation,mscgan_mscnn_margin,0.4,3200,31,8,96,3282,2.1829991340637207
0.6615,0.5947407861392647,0.5446642761970829,0.41888049159515783,0.6867591390531314,7,interpolation,mscgan_mscnn_margin,0.5,4000,31,8,96,3282,2.1829991340637207
0.590625,0.45502847775265093,0.4345500828190789,0.3512407096179872,0.6170534797677157,7,interpolation,mscgan_mscnn_full,1.0,8000,31,8,96,3282,2.1829991340637207
0.2536764705882353,0.4265,0.16651083521158214,0.20851227809990697,0.278943098038004,7,extrapolation,mscgan_mscnn_margin,0.01,272,31,8,96,3282,2.1829991340637207
0.5441176470588235,0.38347069597069594,0.3696120226385079,0.23069119642429564,0.5498609940624026,7,extrapolation,mscgan_mscnn_margin,0.02,544,31,8,96,3282,2.1829991340637207
0.6593137254901961,0.46278037730243615,0.4901449265975221,0.3213924229103516,0.642675334835206,7,extrapolation,mscgan_mscnn_margin,0.03,816,31,8,96,3282,2.1829991340637207
0.7639705882352941,0.445844169041696,0.6294752468860226,0.35320852282076926,0.7405781796074092,7,extrapolation,mscgan_mscnn_margin,0.05,1360,31,8,96,3282,2.1829991340637207
0.8120404411764706,0.4419654088050315,0.691888728782395,0.357671093777877,0.7872766431176891,7,extrapolation,mscgan_mscnn_margin,0.08,2176,31,8,96,3282,2.1829991340637207
0.8224264705882353,0.40213596947790387,0.7076861197313308,0.31904621455942983,0.7976205128123802,7,extrapolation,mscgan_mscnn_margin,0.1,2720,31,8,96,3282,2.1829991340637207
0.8362132352941176,0.3979979526628929,0.736742859772751,0.3096024130210629,0.8107971598670076,7,extrapolation,mscgan_mscnn_margin,0.2,5440,31,8,96,3282,2.1829991340637207
0.8283088235294118,0.4225043123571496,0.7316805873195485,0.3209072794838075,0.8018077562363033,7,extrapolation,mscgan_mscnn_margin,0.3,8160,31,8,96,3282,2.1829991340637207
0.8080882352941177,0.4233316303271121,0.6992781642620137,0.3122624769155997,0.7844205548967312,7,extrapolation,mscgan_mscnn_margin,0.4,10880,31,8,96,3282,2.1829991340637207
0.7819117647058823,0.4138601295963457,0.6559116665484462,0.2994014199821999,0.7617759396064846,7,extrapolation,mscgan_mscnn_margin,0.5,13600,31,8,96,3282,2.1829991340637207
0.6441176470588236,0.3216092838248221,0.4717454017589113,0.2246419472238825,0.6415926883387458,7,extrapolation,mscgan_mscnn_full,1.0,27200,31,8,96,3282,2.1829991340637207
0.9375,0.4894366197183099,0.7143030511072186,0.39290780141843973,0.9435283687943261,8,interpolation,mscgan_mscnn_margin,0.01,80,31,8,96,3187,2.003117322921753
0.925,0.39,0.6944624135488082,0.3213384573580218,0.9309785140328405,8,interpolation,mscgan_mscnn_margin,0.02,160,31,8,96,3187,2.003117322921753
0.925,0.5156071998177262,0.7170896541778984,0.41132462717447077,0.9350383308230025,8,interpolation,mscgan_mscnn_margin,0.03,240,31,8,96,3187,2.003117322921753
0.9325,0.5577922077922077,0.7720355603987842,0.43759221610662086,0.9351342801496395,8,interpolation,mscgan_mscnn_margin,0.05,400,31,8,96,3187,2.003117322921753
0.90625,0.5497281787979462,0.7248714912054316,0.4241070738366682,0.8951655133069265,8,interpolation,mscgan_mscnn_margin,0.08,640,31,8,96,3187,2.003117322921753
0.9075,0.5462820596440092,0.746858926905203,0.425205992061342,0.8942967376527551,8,interpolation,mscgan_mscnn_margin,0.1,800,31,8,96,3187,2.003117322921753
0.88,0.5737166610854063,0.6779748678174569,0.3798056169463504,0.8755642094589482,8,interpolation,mscgan_mscnn_margin,0.2,1600,31,8,96,3187,2.003117322921753
0.8675,0.5805085729779984,0.6602366437505252,0.39636541187893143,0.8691253726883182,8,interpolation,mscgan_mscnn_margin,0.3,2400,31,8,96,3187,2.003117322921753
0.8321875,0.4841841351721752,0.6013199139157819,0.38456875841088767,0.8395446801033155,8,interpolation,mscgan_mscnn_margin,0.4,3200,31,8,96,3187,2.003117322921753
0.79025,0.4857156166195765,0.537641063692834,0.37490189072881375,0.8083033408741719,8,interpolation,mscgan_mscnn_margin,0.5,4000,31,8,96,3187,2.003117322921753
0.65175,0.4709509141912166,0.40967595231887977,0.3473854266154819,0.6837153465619069,8,interpolation,mscgan_mscnn_full,1.0,8000,31,8,96,3187,2.003117322921753
0.8933823529411765,0.4536171685704396,0.7144258716614726,0.4334820192686706,0.8953915421461052,8,extrapolation,mscgan_mscnn_margin,0.01,272,31,8,96,3187,2.003117322921753
0.8897058823529411,0.3937760644938508,0.6721513258849319,0.3365552646169711,0.8896170220853041,8,extrapolation,mscgan_mscnn_margin,0.02,544,31,8,96,3187,2.003117322921753
0.8982843137254902,0.3835792054109933,0.6771255901779494,0.32087869841418903,0.9023688656672547,8,extrapolation,mscgan_mscnn_margin,0.03,816,31,8,96,3187,2.003117322921753
0.913235294117647,0.4119677998948436,0.7206889742262912,0.36682209574352403,0.9103464585982376,8,extrapolation,mscgan_mscnn_margin,0.05,1360,31,8,96,3187,2.003117322921753
0.9136029411764706,0.43359937615253497,0.7603715396951416,0.38566660619030435,0.9089948270792026,8,extrapolation,mscgan_mscnn_margin,0.08,2176,31,8,96,3187,2.003117322921753
0.9110294117647059,0.4356931932879438,0.7705546201503731,0.388342010015669,0.9052717211200944,8,extrapolation,mscgan_mscnn_margin,0.1,2720,31,8,96,3187,2.003117322921753
0.8886029411764705,0.40304703401569664,0.7696210487294309,0.35272807137164486,0.8782334403494337,8,extrapolation,mscgan_mscnn_margin,0.2,5440,31,8,96,3187,2.003117322921753
0.850735294117647,0.40363002513165097,0.724885283082377,0.3445495489058765,0.8367304724775402,8,extrapolation,mscgan_mscnn_margin,0.3,8160,31,8,96,3187,2.003117322921753
0.8217830882352941,0.3667288146977075,0.6857537212052687,0.3033802226489098,0.8063395949851889,8,extrapolation,mscgan_mscnn_margin,0.4,10880,31,8,96,3187,2.003117322921753
0.7907352941176471,0.3542029567309413,0.6465694904794257,0.28914177719754325,0.774818954971937,8,extrapolation,mscgan_mscnn_margin,0.5,13600,31,8,96,3187,2.003117322921753
0.6483455882352941,0.32219135389319953,0.47960072796477304,0.238435247224406,0.6415609445463768,8,extrapolation,mscgan_mscnn_full,1.0,27200,31,8,96,3187,2.003117322921753
0.7125,0.6738095238095237,0.6628193689780354,0.5329309442609935,0.7750524977895668,9,interpolation,mscgan_mscnn_margin,0.01,80,31,8,96,2910,1.997405767440796
0.65625,0.6507936507936508,0.5870234092173147,0.4431050042907846,0.7428076711242091,9,interpolation,mscgan_mscnn_margin,0.02,160,31,8,96,2910,1.997405767440796
0.6291666666666667,0.5666227781435155,0.5262986310073132,0.427778443452589,0.7173941382895042,9,interpolation,mscgan_mscnn_margin,0.03,240,31,8,96,2910,1.997405767440796
0.645,0.637462777791271,0.5501239520367635,0.5138381156617168,0.7247441853583672,9,interpolation,mscgan_mscnn_margin,0.05,400,31,8,96,2910,1.997405767440796
0.6953125,0.6736123543609887,0.5850062656974916,0.5256559162896226,0.763389156794023,9,interpolation,mscgan_mscnn_margin,0.08,640,31,8,96,2910,1.997405767440796
0.69625,0.6822798577100497,0.5737715071487622,0.5105495983265371,0.7562908598021753,9,interpolation,mscgan_mscnn_margin,0.1,800,31,8,96,2910,1.997405767440796
0.761875,0.6876070649925098,0.6168340839417168,0.49696359085671193,0.8032756140616228,9,interpolation,mscgan_mscnn_margin,0.2,1600,31,8,96,2910,1.997405767440796
0.7433333333333333,0.6117755048976713,0.5945535069960389,0.46643195276796423,0.7754346664612526,9,interpolation,mscgan_mscnn_margin,0.3,2400,31,8,96,2910,1.997405767440796
0.7125,0.5587296075434213,0.5581480178886764,0.4448988308517559,0.7437805423118397,9,interpolation,mscgan_mscnn_margin,0.4,3200,31,8,96,2910,1.997405767440796
0.6895,0.5432016482247211,0.5328707732650052,0.4320834858836145,0.7196153501374651,9,interpolation,mscgan_mscnn_margin,0.5,4000,31,8,96,2910,1.997405767440796
0.591375,0.432819188614135,0.41083520623779035,0.38704952654062597,0.6200450154391954,9,interpolation,mscgan_mscnn_full,1.0,8000,31,8,96,2910,1.997405767440796
0.8088235294117647,0.49368088467614535,0.544723330797324,0.3596884681740116,0.7893222425344942,9,extrapolation,mscgan_mscnn_margin,0.01,272,31,8,96,2910,1.997405767440796
0.7922794117647058,0.4915123456790123,0.4781068452846592,0.3314070764929975,0.7856026582392762,9,extrapolation,mscgan_mscnn_margin,0.02,544,31,8,96,2910,1.997405767440796
0.8112745098039216,0.45648100577231104,0.5132907156162273,0.35003808540960246,0.8033724588046434,9,extrapolation,mscgan_mscnn_margin,0.03,816,31,8,96,2910,1.997405767440796
0.8529411764705882,0.38659557390207544,0.5566443376937975,0.30050671693713366,0.8446275339044998,9,extrapolation,mscgan_mscnn_margin,0.05,1360,31,8,96,2910,1.997405767440796
0.8708639705882353,0.3967588717128312,0.5823833860020535,0.31028915893974696,0.8556321416334138,9,extrapolation,mscgan_mscnn_margin,0.08,2176,31,8,96,2910,1.997405767440796
0.8772058823529412,0.4072555298960389,0.60493615498931,0.3158439547985674,0.8620013832029196,9,extrapolation,mscgan_mscnn_margin,0.1,2720,31,8,96,2910,1.997405767440796
0.8821691176470589,0.32949649156700556,0.6217916303042498,0.2621667019197762,0.8641317299632889,9,extrapolation,mscgan_mscnn_margin,0.2,5440,31,8,96,2910,1.997405767440796
0.8688725490196079,0.32275664032405815,0.6245534265736816,0.25305529333642823,0.8489777172196117,9,extrapolation,mscgan_mscnn_margin,0.3,8160,31,8,96,2910,1.997405767440796
0.8469669117647058,0.3298859672299707,0.6105612225465747,0.2633137867243933,0.8246589478869856,9,extrapolation,mscgan_mscnn_margin,0.4,10880,31,8,96,2910,1.997405767440796
0.820735294117647,0.33236121290674026,0.5933051016907204,0.2591346636260035,0.7954882843299473,9,extrapolation,mscgan_mscnn_margin,0.5,13600,31,8,96,2910,1.997405767440796
0.6590441176470588,0.2802947000227887,0.4601263473512022,0.2083513796351019,0.6390648307874643,9,extrapolation,mscgan_mscnn_full,1.0,27200,31,8,96,2910,1.997405767440796
0.925,0.7238095238095238,0.7992585183587012,0.6266666666666666,0.9359999999999999,42,interpolation,mscgan_mscnn_margin,0.01,80,31,8,96,3078,2.008288621902466
0.81875,0.6640333552775949,0.6121232684097845,0.551984126984127,0.8480753968253968,42,interpolation,mscgan_mscnn_margin,0.02,160,31,8,96,3078,2.008288621902466
0.7791666666666667,0.6264715608465609,0.5335254909505022,0.4743643356957804,0.8144883958764979,42,interpolation,mscgan_mscnn_margin,0.03,240,31,8,96,3078,2.008288621902466
0.7675,0.6461628324946082,0.5166355543253106,0.46911341659752676,0.8178812843230215,42,interpolation,mscgan_mscnn_margin,0.05,400,31,8,96,3078,2.008288621902466
0.8015625,0.693892760356175,0.594970980201191,0.48916700457656725,0.8339157294616779,42,interpolation,mscgan_mscnn_margin,0.08,640,31,8,96,3078,2.008288621902466
0.81625,0.7194783834586466,0.6236648181619888,0.5093384854255334,0.8394477949120589,42,interpolation,mscgan_mscnn_margin,0.1,800,31,8,96,3078,2.008288621902466
0.806875,0.7313071626441192,0.6090104332641014,0.5126552797462112,0.8352999730047854,42,interpolation,mscgan_mscnn_margin,0.2,1600,31,8,96,3078,2.008288621902466
0.7820833333333334,0.6720500660698558,0.5980437046794281,0.4855620040607719,0.8102316158230567,42,interpolation,mscgan_mscnn_margin,0.3,2400,31,8,96,3078,2.008288621902466
0.7440625,0.6154698299038431,0.5665345512134404,0.4750774427713053,0.774326769825252,42,interpolation,mscgan_mscnn_margin,0.4,3200,31,8,96,3078,2.008288621902466
0.70875,0.6166404181500211,0.5322558021653689,0.4647183222591412,0.7415570343601638,42,interpolation,mscgan_mscnn_margin,0.5,4000,31,8,96,3078,2.008288621902466
0.557375,0.4889117286619509,0.3535722016555904,0.360626054850451,0.5986178108624403,42,interpolation,mscgan_mscnn_full,1.0,8000,31,8,96,3078,2.008288621902466
0.7205882352941176,0.5319078070876632,0.6231904664491394,0.47509876752513497,0.6634985394524624,42,extrapolation,mscgan_mscnn_margin,0.01,272,31,8,96,3078,2.008288621902466
0.7040441176470589,0.5179182810234295,0.6026752444971867,0.443634494955515,0.6996639001363625,42,extrapolation,mscgan_mscnn_margin,0.02,544,31,8,96,3078,2.008288621902466
0.696078431372549,0.46541452267510064,0.5971215761360333,0.40812684002456284,0.6846650258609696,42,extrapolation,mscgan_mscnn_margin,0.03,816,31,8,96,3078,2.008288621902466
0.675,0.5647313514626378,0.5748051436222873,0.4248997477339206,0.65466433411166,42,extrapolation,mscgan_mscnn_margin,0.05,1360,31,8,96,3078,2.008288621902466
0.6580882352941176,0.4503413254847007,0.5496219908720452,0.3305758117923407,0.6555561198105115,42,extrapolation,mscgan_mscnn_margin,0.08,2176,31,8,96,3078,2.008288621902466
0.663235294117647,0.4178474013003802,0.5566903774017974,0.30278028642183413,0.6671549373284882,42,extrapolation,mscgan_mscnn_margin,0.1,2720,31,8,96,3078,2.008288621902466
0.7097426470588235,0.44284901775813523,0.6057240569973722,0.3167648015770665,0.7169926508915425,42,extrapolation,mscgan_mscnn_margin,0.2,5440,31,8,96,3078,2.008288621902466
0.7213235294117647,0.4404341654922575,0.6097946642779751,0.3148822104965963,0.7249999016940111,42,extrapolation,mscgan_mscnn_margin,0.3,8160,31,8,96,3078,2.008288621902466
0.7092830882352941,0.4018000333742644,0.5857429181443994,0.28133370179351946,0.7109326792500921,42,extrapolation,mscgan_mscnn_margin,0.4,10880,31,8,96,3078,2.008288621902466
0.6891176470588235,0.38593218031033133,0.5542428190741415,0.26866968798898033,0.6926791798077925,42,extrapolation,mscgan_mscnn_margin,0.5,13600,31,8,96,3078,2.008288621902466
0.5721323529411765,0.3216795882454808,0.41033169236383754,0.213668157748753,0.590049852491123,42,extrapolation,mscgan_mscnn_full,1.0,27200,31,8,96,3078,2.008288621902466
